Currency,Date,Open,Close,Close-Open
ripple,2019-04-24,0.2784753200756026,0.26414575359607084,-0.008087231166589427
ripple,2019-04-21,0.284184462940605,0.27948532067970105,-0.0026968297443339586
ripple,2019-04-18,0.28928778260894755,0.29047691324323266,0.0006895462322351075
ripple,2019-04-15,0.2843071337476279,0.2783231641737985,-0.003429509967137951
ripple,2019-04-12,0.28567806577108384,0.2824277928693053,-0.0018712464529746903
ripple,2019-04-09,0.30623907133372813,0.29970599450221125,-0.0038244459042512677
ripple,2019-04-06,0.3088345236197954,0.30336224350156327,-0.003215741640513259
ripple,2019-04-03,0.30107375229281363,0.2943353899663879,-0.00392344658938277
ripple,2019-03-30,0.26823545677594324,0.2705094636230653,0.001290974009837031
ripple,2019-03-27,0.26652559411271987,0.2719070484614132,0.0030484462633907877
ripple,2019-03-24,0.2718544742489,0.26925737537356403,-0.0014758279798182292
ripple,2019-03-21,0.2776014331088304,0.2720997969294502,-0.0031338266986356026
ripple,2019-03-18,0.2758999348646312,0.27569045959940275,-0.00011984873864003523
ripple,2019-03-15,0.27211122353767864,0.27387620857413114,0.001005962939801987
ripple,2019-03-12,0.27089546239968015,0.2701805605576007,-0.00040674340000550365
ripple,2019-03-09,0.26983704281038606,0.27294349120278033,0.0017661539141962139
ripple,2019-03-06,0.2751088598496636,0.2753799608288444,0.00015501546142575372
ripple,2019-03-03,0.27372791446938644,0.2719748574944405,-0.0009990302495385794
ripple,2019-02-27,0.27738700968539426,0.27239532321211324,-0.002844413919850945
ripple,2019-02-24,0.28738852937222653,0.2634736488729888,-0.013468811276991559
ripple,2019-02-21,0.2873337617986677,0.27860928894128717,-0.004999375652104769
ripple,2019-02-18,0.2647337626803279,0.27881891041637485,0.007954210787050857
ripple,2019-02-15,0.26400061721945656,0.2637164268068966,-0.0001606592381776474
ripple,2019-02-12,0.2643384682902413,0.2663486240466298,0.0011367967149042075
ripple,2019-02-09,0.2712309924411545,0.2710068098488328,-0.00012766381201862373
ripple,2019-02-06,0.2619257067766621,0.25520562552143544,-0.0037633124724498596
ripple,2019-02-03,0.2703545645189195,0.26417186055012015,-0.00349370611538301
ripple,2019-01-30,0.25419638256945826,0.2779809180515817,0.013273829520562004
ripple,2019-01-27,0.2737256328498473,0.26959880121548413,-0.0023453602720379515
ripple,2019-01-24,0.274912892373561,0.27581038196878754,0.0005130329348407708
ripple,2019-01-21,0.27852451976694104,0.27823004242613136,-0.00016890770304163756
ripple,2019-01-18,0.2845742481648545,0.2808666501340252,-0.0021310575070298053
ripple,2019-01-15,0.28811597830102087,0.2830556369841061,-0.002914304712518288
ripple,2019-01-12,0.287435041942257,0.28427627931694804,-0.0018219469471787736
ripple,2019-01-09,0.311803302321937,0.31546016395503257,0.0021677902883191743
ripple,2019-01-06,0.30361693546408663,0.31363852021226934,0.00588588247707719
ripple,2019-01-03,0.3180936663029785,0.307649392067789,-0.006158290148310138
ripple,2018-12-30,0.3113360971158906,0.31450485364556285,0.0018777328134510656
ripple,2018-12-27,0.321435463152167,0.29353640237228795,-0.016173922734930124
ripple,2018-12-24,0.31655957470001733,0.34131691078434123,0.014688931723721939
ripple,2018-12-21,0.3197300072406613,0.30643267597672197,-0.007827121217772867
ripple,2018-12-18,0.2844433333939451,0.3002245852509141,0.009085288668008194
ripple,2018-12-15,0.2536331823361178,0.2514456418942457,-0.0012212545405432184
ripple,2018-12-12,0.2628802851520676,0.2679815349442614,0.002879360722120786
ripple,2018-12-09,0.26731430049143473,0.27259635303373664,0.0029945358287823244
ripple,2018-12-06,0.29049037547494183,0.2707413858935252,-0.011209579797094615
ripple,2018-12-03,0.31378685818783025,0.29918120329479947,-0.00853374517311077
ripple,2018-11-30,0.32247327826783356,0.30928821948690566,-0.007783185635907929
ripple,2018-11-27,0.3030461876397514,0.30760454550734717,0.0026782702894256136
ripple,2018-11-24,0.34205945614303535,0.3186980649029678,-0.013893425308966778
ripple,2018-11-21,0.36220403033015774,0.36994224281358296,0.0048194517267302365
ripple,2018-11-18,0.4010681221848424,0.4124228468089632,0.00734401219455178
ripple,2018-11-15,0.38687878081914356,0.39319547642159364,0.0040331818441751285
ripple,2018-11-12,0.41067352074776786,0.41684346175555004,0.004034042403262119
ripple,2018-11-09,0.40068503507405245,0.40591034231003886,0.003383403522727136
ripple,2018-11-06,0.403531239388866,0.43766120632448124,0.02200665751875878
ripple,2018-11-03,0.37768204164753755,0.37546421482544146,-0.0014013763592251266
ripple,2018-10-30,0.3660088472156925,0.3679425256478095,0.0012104275320135131
ripple,2018-10-27,0.37787189283424943,0.3759319322049292,-0.0012264514087640538
ripple,2018-10-24,0.37946672670597315,0.37654217699105264,-0.0018496245516971808
ripple,2018-10-21,0.3776573652003141,0.3761694845654012,-0.000940964623616476
ripple,2018-10-18,0.38366452622931035,0.3768770012560405,-0.004290413072448642
ripple,2018-10-15,0.3376529678550891,0.3697108066683728,0.019391325777153707
ripple,2018-10-12,0.3215855491256095,0.3500334378821197,0.016950648439095946
ripple,2018-10-09,0.399181406945017,0.3919454614862325,-0.004642460977387149
ripple,2018-10-06,0.41828524452008825,0.3974880424194178,-0.01337322640810404
ripple,2018-10-03,0.41687971292341847,0.42406570606691424,0.004726239861511994
ripple,2018-09-30,0.44982962049600017,0.45841928912625973,0.005835322634180296
ripple,2018-09-27,0.4163905409525788,0.43267876782931625,0.010682764359406202
ripple,2018-09-24,0.4514666257098175,0.401933546144301,-0.031772714827094775
ripple,2018-09-21,0.37351750829356206,0.44562256187011356,0.04478505964713339
ripple,2018-09-18,0.24015955447929854,0.2790398356703917,0.02135802071910828
ripple,2018-09-15,0.24451827555150216,0.24842759872861803,0.0021669260232733667
ripple,2018-09-12,0.2336212678275851,0.23908540206122023,0.0029953984484182754
ripple,2018-09-09,0.24581343664357494,0.24582829582739152,8.251516766996927e-06
ripple,2018-09-06,0.2495907213290581,0.264446710056392,0.00826367610147291
ripple,2018-09-03,0.29500792276281396,0.28965088307160397,-0.003105368418560739
ripple,2018-08-30,0.2960564096037688,0.2892638208279872,-0.003935066928938801
ripple,2018-08-27,0.2803877836938643,0.2903557450017292,0.005720898545868243
ripple,2018-08-24,0.28321460817712785,0.2833773202870343,9.379747832808557e-05
ripple,2018-08-21,0.2762815831269029,0.2890638673333583,0.007303017087056233
ripple,2018-08-18,0.3097079617625091,0.2829961104610665,-0.015329152499756464
ripple,2018-08-15,0.24435459808658672,0.248425258646879,0.002255936289449842
ripple,2018-08-12,0.26282877195179866,0.2607244591829383,-0.0011857409432398608
ripple,2018-08-09,0.28801026858953627,0.29770987555142175,0.005609445360280481
ripple,2018-08-06,0.36038824110935264,0.34647985013355664,-0.008517136938266104
ripple,2018-08-03,0.35795202811947713,0.3650395627693242,0.004396186387931021
ripple,2018-07-30,0.37395311295997474,0.368875118232661,-0.0031855642489334057
ripple,2018-07-27,0.37130352262662314,0.3740673159607484,0.0017389035486803284
ripple,2018-07-24,0.3684960979678307,0.3768070267624009,0.005207976899027701
ripple,2018-07-21,0.36895256455099157,0.3752876478705532,0.003973368809700856
ripple,2018-07-18,0.40887130044291753,0.39634968861948316,-0.008058669327791843
ripple,2018-07-15,0.36401444379423686,0.3687278153787649,0.002942775514885309
ripple,2018-07-12,0.3714821738106624,0.3614184755822826,-0.00625975687091715
ripple,2018-07-09,0.39021000513164683,0.38816295202656803,-0.0013100258306332417
ripple,2018-07-06,0.3924332274871288,0.39146827452803795,-0.0006197301380760114
ripple,2018-07-03,0.39626222451335097,0.39556492933069326,-0.00044969618083071956
ripple,2018-06-30,0.37439540503058755,0.38270471092005787,0.005237585004625104
ripple,2018-06-27,0.37538452309499637,0.3855140697996151,0.0063885897261911255
ripple,2018-06-24,0.3999653454342612,0.390270248725622,-0.00620624362138914
ripple,2018-06-21,0.4312809920320372,0.4283837904907308,-0.0019296202100083282
ripple,2018-06-18,0.4244961960142949,0.4301544686607276,0.0037512569771543497
ripple,2018-06-15,0.44472556406143365,0.430292345782514,-0.009601725319618977
ripple,2018-06-12,0.47133773892553243,0.4465641842377648,-0.01670039180011884
ripple,2018-06-09,0.5156806191797509,0.506670001114477,-0.006475883293480193
ripple,2018-06-06,0.5175436074964114,0.5156919639025891,-0.0013459622174671244
ripple,2018-06-03,0.49677456842330425,0.5135449231178784,0.011905655505482388
ripple,2018-05-30,0.4723564841105788,0.47363266133589854,0.0008885255590100435
ripple,2018-05-27,0.4775004576723585,0.4749171630431469,-0.001802485075307057
ripple,2018-05-24,0.4695078813830676,0.48980441830493165,0.01401202421784857
ripple,2018-05-21,0.5308876291854624,0.5197379903780317,-0.008111954823701532
ripple,2018-05-18,0.5100653348195819,0.5189687781044537,0.006420684989075671
ripple,2018-05-15,0.5532745820626238,0.5297973176973477,-0.01717947150739942
ripple,2018-05-12,0.5222236191183588,0.5287058161324195,0.004735261238995328
ripple,2018-05-09,0.595199676070168,0.588921021276583,-0.004901478799331685
ripple,2018-05-06,0.6440803531227606,0.6266996384007174,-0.014020854755905343
ripple,2018-05-03,0.6200279502091371,0.6336444916413617,0.010929735729007605
ripple,2018-04-30,0.626688951294604,0.6086442910468112,-0.014296193343301747
ripple,2018-04-27,0.6158011253153963,0.5954709538729817,-0.015885118289709586
ripple,2018-04-24,0.6291482471520611,0.6599941417820251,0.02480121698326552
ripple,2018-04-21,0.6549368767711529,0.6275964139414049,-0.021981886647079354
ripple,2018-04-18,0.5050401199677118,0.5358686139913392,0.02196619769755662
ripple,2018-04-15,0.49157124215567644,0.5203009903563406,0.020216631867987948
ripple,2018-04-12,0.4309099580222865,0.4878048678440979,0.037458371595322386
ripple,2018-04-09,0.4062654544122665,0.40002031207220723,-0.00404006626912545
ripple,2018-04-06,0.40197970781787734,0.38962768897305,-0.007897067730072203
ripple,2018-04-03,0.40648658622171274,0.44343118838482243,0.023874023124661012
ripple,2018-03-30,0.4142715506470503,0.4118215298537726,-0.0016052222284056485
ripple,2018-03-27,0.4693946938822238,0.4561056228147453,-0.009072104057375515
ripple,2018-03-24,0.4984781059546992,0.49546728596858103,-0.0021440223728399523
ripple,2018-03-21,0.5382783262404446,0.5268942294490356,-0.008340794970178495
ripple,2018-03-18,0.49131614549743574,0.5060805838490632,0.010431836598382586
ripple,2018-03-15,0.5323403140573391,0.5290204887164273,-0.002444266805148828
ripple,2018-03-12,0.6054775869933052,0.5883687176987422,-0.01329194166534981
ripple,2018-03-09,0.6021945926462742,0.6150564415554022,0.010146823876086182
ripple,2018-03-06,0.670107800627056,0.6538277025295742,-0.013494914500248381
ripple,2018-03-03,0.6464674378836535,0.6459528423826066,-0.0004262679179195347
ripple,2018-02-27,0.6725882873667881,0.6664463653798817,-0.005179225067637178
ripple,2018-02-24,0.6919759949897949,0.670084264292839,-0.018391307403563577
ripple,2018-02-21,0.7323678937132266,0.7030975114131134,-0.02530586526477026
ripple,2018-02-18,0.7884573603642703,0.7514160886839212,-0.03342375548694964
ripple,2018-02-15,0.7608058290337599,0.7654678421395714,0.004321373782642578
ripple,2018-02-12,0.6981347220709843,0.7323678937132266,0.029383777685209667
ripple,2018-02-09,0.5861965123905981,0.6700975675063328,0.06344144991660254
ripple,2018-02-06,0.5336360759593246,0.5745849038741169,0.029899753839533895
ripple,2018-02-03,0.6376302422909375,0.6544287012661228,0.013701158988196738
ripple,2018-01-30,0.8458682675776092,0.7608058290337599,-0.07554696139253082
ripple,2018-01-27,0.797507195884188,0.797507195884188,0.0
ripple,2018-01-24,0.8544153281560676,0.8586616190375188,0.004321373782642578
ripple,2018-01-21,0.9477893989335261,0.8671004876833833,-0.07918124604762489
ripple,2018-01-18,0.8372475245337022,0.9555114450274363,0.11058971029924898
ripple,2018-01-15,1.0508216248317612,0.9858167945227652,-0.07188200730612544
ripple,2018-01-12,1.0784095813505903,1.1118575154181303,0.04139268515822508
ripple,2018-01-09,1.235471471385307,1.1314021114911006,-0.1271047983648076
ripple,2018-01-06,1.3912819026309295,1.4085449700547104,0.029383777685209576
ripple,2018-01-03,1.2412685890696329,1.413423028508143,0.21748394421390627
ripple,2017-12-30,1.1631508098056809,1.1505720275988207,-0.01703333929878037
ripple,2017-12-27,0.7793248768009975,0.8754687373538999,0.08635983067474821
ripple,2017-12-24,0.7793248768009975,0.712949807856125,-0.05690485133647256
ripple,2017-12-21,0.5780252884181719,0.7839015438284094,0.14844377513834545
ripple,2017-12-18,0.5469855034981863,0.5757180197824605,0.02134272268363467
ripple,2017-12-15,0.6215222768846451,0.5631415650718873,-0.04358978087062936
ripple,2017-12-12,0.2249483217358814,0.31739207685393545,0.04971523777523026
ripple,2017-12-09,0.22487165727860434,0.21890096425568667,-0.003225225530522255
ripple,2017-12-06,0.219469610651672,0.20908032609464583,-0.005554565591215462
ripple,2017-12-03,0.22755779419262953,0.22518786028995855,-0.0012888089773167278
ripple,2017-11-30,0.22028587203546154,0.22384570474678242,0.0019261612430969653
ripple,2017-11-27,0.22178663111425492,0.22628022680013637,0.002434765845452463
ripple,2017-11-24,0.2174079340642747,0.21884793836538166,0.0007771257085617883
ripple,2017-11-21,0.21347940350676714,0.20966998916431237,-0.002039428088914124
ripple,2017-11-18,0.20420290440616895,0.2058972857393269,0.000902394357232611
ripple,2017-11-15,0.18974146109378356,0.19306035560244003,0.0017419314515097948
ripple,2017-11-12,0.19079720347498352,0.180101594500065,-0.0055558519151697365
ripple,2017-11-09,0.197137096010365,0.19678971966320077,-0.00018366772285976213
ripple,2017-11-06,0.18395938149321275,0.1873008063966523,0.0017436616722199842
ripple,2017-11-03,0.18747906727570182,0.18907619278988422,0.0008365136208523681
ripple,2017-10-30,0.18488161039190687,0.18457817538057752,-0.00015848856349105973
ripple,2017-10-27,0.18537356135298902,0.18463970115324416,-0.0003833128198050227
ripple,2017-10-24,0.17862054984230932,0.1878429524627518,0.0047842311614394945
ripple,2017-10-21,0.19077654575806546,0.19145967670497918,0.0003590131050681714
ripple,2017-10-18,0.2080022989096841,0.1976370075717292,-0.005479094583569894
ripple,2017-10-15,0.22915504601814038,0.2342678462671336,0.002790478150498031
ripple,2017-10-12,0.23510848515470611,0.22187394570598043,-0.007163775644766213
ripple,2017-10-09,0.2458892943736118,0.22460248655045378,-0.011542109926902584
ripple,2017-10-06,0.21327582504918882,0.21029252952187077,-0.0015982990976630398
ripple,2017-10-03,0.18499215423865434,0.18508274121322346,4.733551878850699e-05
ripple,2017-09-30,0.17716160042032733,0.18026026712870152,0.0016060876119885926
ripple,2017-09-27,0.16999337609530582,0.18506695141368296,0.00774863123071107
ripple,2017-09-24,0.16396663107197607,0.16193771062280388,-0.00103585889892539
ripple,2017-09-21,0.16634544902484577,0.15850177151231284,-0.003988860745811453
ripple,2017-09-18,0.16408035983070687,0.1737583301334667,0.004948283118052168
ripple,2017-09-15,0.15275112948483943,0.16666462421790684,0.0070317540349012705
ripple,2017-09-12,0.19462884381599885,0.19004416058001714,-0.002406693613857431
ripple,2017-09-09,0.19168838410870637,0.190616227368707,-0.0005633487032450798
ripple,2017-09-06,0.1947037467611601,0.20390853889422222,0.004852092627207663
ripple,2017-09-03,0.20475878238163317,0.2060470351941201,0.0006865109832490008
ripple,2017-08-30,0.1979250204530653,0.20539171570649958,0.003949269143945327
ripple,2017-08-27,0.19278083401953397,0.1848142807079278,-0.00415880542472578
ripple,2017-08-24,0.2250385546606594,0.19799639543468778,-0.014273920527577122
ripple,2017-08-21,0.14704837520873926,0.17556377433057485,0.014313842687940231
ripple,2017-08-18,0.145931566694399,0.14745661016786524,0.0007662876220505291
ripple,2017-08-15,0.15682424552042598,0.1494720377447351,-0.0037056152847025803
ripple,2017-08-12,0.1648540509782159,0.16029150061892014,-0.002325057891668487
ripple,2017-08-09,0.17607458503347817,0.16800878264014546,-0.004140738516865537
ripple,2017-08-06,0.17007858317598132,0.16589063889176373,-0.0021461831461802926
ripple,2017-08-03,0.15975040065603585,0.16093788029792427,0.0006049849311768746
ripple,2017-07-30,0.15657117663133036,0.15279147080676128,-0.0019118927133767566
ripple,2017-07-27,0.16144685503125275,0.15995409311521852,-0.0007606517101726391
ripple,2017-07-24,0.17812861200730581,0.17563424649409942,-0.001290974009837031
ripple,2017-07-21,0.1734742007736792,0.1677221691373349,-0.0029526967196048222
ripple,2017-07-18,0.16523304295736393,0.17287541548254204,0.0039126867384834335
ripple,2017-07-15,0.174773139036625,0.157507040940349,-0.008764916946543785
ripple,2017-07-12,0.1690657522102112,0.18677329973252824,0.009092093471729693
ripple,2017-07-09,0.21259531375044366,0.20978755576288535,-0.001503527650600679
ripple,2017-07-06,0.22822979442174776,0.22684947588509682,-0.0007519809336977208
ripple,2017-07-03,0.2302994864283023,0.23107918075142003,0.0004262679179195347
ripple,2017-06-30,0.2359097159638833,0.2334344182377938,-0.0013572187872692035
ripple,2017-06-27,0.24473908020527,0.24396996808454352,-0.0004262679179195347
ripple,2017-06-24,0.2770163957998054,0.27087410667741346,-0.003494136929960227
ripple,2017-06-21,0.2811278906504416,0.25956496546802454,-0.012101674710291698
ripple,2017-06-18,0.2375078884686246,0.250447385841555,0.0071137916008788445
ripple,2017-06-15,0.2454497088284279,0.23052901153868186,-0.008144349209603016
ripple,2017-06-12,0.2414352337863761,0.2263097336646712,-0.008221489268543098
ripple,2017-06-09,0.25440575631010337,0.25155140020084266,-0.0015935393812580086
ripple,2017-06-06,0.2577598341753608,0.250406905495536,-0.004097719044214074
ripple,2017-06-03,0.26271804803255094,0.25818631822266885,-0.002546173119166757
bitcoin,2019-04-24,8.625600859785107,8.606278582816966,-2.031973689091718
bitcoin,2019-04-21,8.582396491539287,8.578388003584429,-1.3492775274679623
bitcoin,2019-04-18,8.566455625001293,8.575346998576729,1.6804261708581523
bitcoin,2019-04-15,8.550302963050148,8.530723246020006,-2.005223424858136
bitcoin,2019-04-12,8.529556450399635,8.535139194290664,1.467460109507266
bitcoin,2019-04-09,8.573747422774703,8.557559402082811,-1.934296406819406
bitcoin,2019-04-06,8.524722772836164,8.529283804487932,1.3807537708038957
bitcoin,2019-04-03,8.493097200811569,8.511983645263992,1.9734049744100626
bitcoin,2019-03-30,8.317067680647234,8.32060880228728,1.190891716922169
bitcoin,2019-03-27,8.290352815257737,8.31582825502461,2.016322854013792
bitcoin,2019-03-24,8.303049023898827,8.299825428079108,-1.145817714491821
bitcoin,2019-03-21,8.315064767317114,8.301603537444345,-1.74523098452814
bitcoin,2019-03-18,8.301762320767468,8.30239224361035,0.5490032620258392
bitcoin,2019-03-15,8.275799107683186,8.284481511200388,1.5471591213274176
bitcoin,2019-03-12,8.26995160071797,8.271333572858294,0.8061799739838624
bitcoin,2019-03-09,8.26759015501135,8.28508709622663,1.8436064719245093
bitcoin,2019-03-06,8.26823940320221,8.26999769723897,0.895422546039415
bitcoin,2019-03-03,8.259269254088691,8.25535558823834,-1.2065560440990335
bitcoin,2019-02-27,8.258028602522813,8.256360753103763,-0.8709888137605657
bitcoin,2019-02-24,8.330010237154749,8.24575972578677,-2.5263780519518897
bitcoin,2019-02-21,8.294364590499944,8.282766221081541,-1.673389578188308
bitcoin,2019-02-18,8.208592509191412,8.273007294672778,2.3897683609379796
bitcoin,2019-02-15,8.193778927171934,8.194729179861469,0.6473829701146252
bitcoin,2019-02-12,8.200768650098803,8.20372277294408,1.0711452904510903
bitcoin,2019-02-09,8.208652414214738,8.208546216488086,-0.14301480025419738
bitcoin,2019-02-06,8.15193580920398,8.135865419809988,-1.7506626461340569
bitcoin,2019-02-03,8.165403438335117,8.150470797622726,-1.7253398159097344
bitcoin,2019-01-30,8.144650155450254,8.156848665647356,1.6362872520985106
bitcoin,2019-01-27,8.190268432236424,8.18450538479787,-1.3368598209168143
bitcoin,2019-01-24,8.18465321332263,8.189208434024081,1.239799818447096
bitcoin,2019-01-21,8.189069607606857,8.182288126140259,-1.4038066105474172
bitcoin,2019-01-18,8.210393536971154,8.20490143626864,-1.3253103717110537
bitcoin,2019-01-15,8.217497915184586,8.197450630112774,-1.8723893884178207
bitcoin,2019-01-12,8.21283145015316,8.205846644325746,-1.4260230156898697
bitcoin,2019-01-09,8.30215420917854,8.303083709731899,0.6766936096248666
bitcoin,2019-01-06,8.252581603608256,8.313271216267749,2.3822152230475337
bitcoin,2019-01-03,8.276916197361182,8.252638930656476,-1.9791384695468117
bitcoin,2018-12-30,8.248890127134958,8.26022136160387,1.6490426340861737
bitcoin,2018-12-27,8.25730525830778,8.204078432587025,-2.3028934583565053
bitcoin,2018-12-24,8.294382084836153,8.313754223376362,1.8991088581933993
bitcoin,2018-12-21,8.327170053435244,8.268100863868362,-2.376868821638668
bitcoin,2018-12-18,8.173507802448537,8.215293188180105,2.182699903336042
bitcoin,2018-12-15,8.08487062913819,8.082637011663516,-0.9159272116971043
bitcoin,2018-12-12,8.138114869731268,8.157069450063739,1.8227563329513892
bitcoin,2018-12-09,8.153128150711998,8.192910756358723,2.1522883443830563
bitcoin,2018-12-06,8.230862205835397,8.166812681611626,-2.3691601750609546
bitcoin,2018-12-03,8.330458711986191,8.267482333871113,-2.4051584611265446
bitcoin,2018-11-30,8.364062990722985,8.298606740727973,-2.435876204588752
bitcoin,2018-11-27,8.234020934442285,8.248455862043308,1.746400644491561
bitcoin,2018-11-24,8.377629929302849,8.264043938015622,-2.6701808896392727
bitcoin,2018-11-21,8.404369338659837,8.434500475570625,2.138713109876012
bitcoin,2018-11-18,8.623486471913651,8.634894445950858,1.8115750058705946
bitcoin,2018-11-15,8.654717850329442,8.639239127985617,-1.9499751778296532
bitcoin,2018-11-12,8.766045034466032,8.75971104301359,-1.6179434348289707
bitcoin,2018-11-09,8.77084266912381,8.761960455940693,-1.7632782110189822
bitcoin,2018-11-06,8.769410767292102,8.773695693891758,1.4568213480216003
bitcoin,2018-11-03,8.762214079073734,8.758138939125711,-1.4310419453358785
bitcoin,2018-10-30,8.75432485137011,8.75388771221008,-0.5763413502057383
bitcoin,2018-10-27,8.776759699657257,8.776688729635891,-0.16435285578444792
bitcoin,2018-10-24,8.776458813893596,8.77907118382648,1.2540644529143337
bitcoin,2018-10-21,8.778185746289372,8.776992631069266,-0.9415114326343922
bitcoin,2018-10-18,8.786201489177916,8.776122331825842,-1.8236046283551572
bitcoin,2018-10-15,8.747294878657732,8.794452131261714,2.4841574243653803
bitcoin,2018-10-12,8.738775524663493,8.744421190007454,1.560265397862714
bitcoin,2018-10-09,8.80298547934955,8.801415285038798,-1.0584260244569903
bitcoin,2018-10-06,8.798371661216832,8.79320391791758,-1.545801757159269
bitcoin,2018-10-03,8.787962038227539,8.780109611110278,-1.7182525000977467
bitcoin,2018-09-30,8.795689705501808,8.798841094833428,1.3394514413064478
bitcoin,2018-09-27,8.778986523702194,8.806536383444652,2.261167670527776
bitcoin,2018-09-24,8.810723628794095,8.794280840631878,-2.04281169180715
bitcoin,2018-09-21,8.781842535407446,8.815214133091763,2.346509448774761
bitcoin,2018-09-18,8.745429353348399,8.759715750900948,1.9608986773266621
bitcoin,2018-09-15,8.781156177247425,8.786334440162753,1.5415792439465832
bitcoin,2018-09-12,8.751159564140139,8.756650939581002,1.5537616983900038
bitcoin,2018-09-09,8.736229117979084,8.748600106900671,1.8947589943718897
bitcoin,2018-09-06,8.818207000033887,8.784188255622265,-2.3559684576536113
bitcoin,2018-09-03,8.892890262061362,8.890281102670716,-1.3003780648706884
bitcoin,2018-08-30,8.860039357038515,8.850693874485003,-1.8230175234460535
bitcoin,2018-08-27,8.811622450325261,8.83719336254344,2.2426407978176153
bitcoin,2018-08-24,8.787604987463029,8.812986280456942,2.2290159427634086
bitcoin,2018-08-21,8.748633429840424,8.777980829045177,2.275748884479196
bitcoin,2018-08-18,8.792463050066353,8.767914554980136,-2.205934793684682
bitcoin,2018-08-15,8.735914177590198,8.749814882911224,1.9449759084120497
bitcoin,2018-08-12,8.745865431327324,8.75205817752002,1.6024940688072806
bitcoin,2018-08-09,8.74934564047549,8.7901519052191,2.4210607191918774
bitcoin,2018-08-06,8.862758248476489,8.84689973512325,-2.0497605517624735
bitcoin,2018-08-03,8.931041726857515,8.914006312125151,-2.1097472377132287
bitcoin,2018-07-30,9.014639307416916,9.009628342326453,-1.624282095835672
bitcoin,2018-07-27,8.981103292773414,9.007735696468533,2.3336688995764114
bitcoin,2018-07-24,8.951247052131873,9.038990802184799,2.850499199469473
bitcoin,2018-07-21,8.902961586619096,8.911973418955636,1.8297539189249732
bitcoin,2018-07-18,8.897862748302698,8.905414475696556,1.7517408738109008
bitcoin,2018-07-15,8.744121571222303,8.757884280202234,1.9441864612836899
bitcoin,2018-07-12,8.763706334172715,8.737101113724142,-2.227809604075214
bitcoin,2018-07-09,8.82115404263764,8.81622313256158,-1.535673803425749
bitcoin,2018-07-06,8.800820554633631,8.806049574095788,1.5540043210119079
bitcoin,2018-07-03,8.794470319693872,8.784252570409482,-1.8329557506045966
bitcoin,2018-06-30,8.734756401548397,8.764834214330834,2.2805328444513817
bitcoin,2018-06-27,8.713647738676105,8.72552843901186,1.8676442339031012
bitcoin,2018-06-24,8.726688832247547,8.728139457364666,0.9978230807457175
bitcoin,2018-06-21,8.82189313497447,8.814440372017597,-1.7105404479333002
bitcoin,2018-06-18,8.781259084215778,8.81519483347486,2.353627758985543
bitcoin,2018-06-15,8.806136468215357,8.773009913588572,-2.3394514413064407
bitcoin,2018-06-12,8.840264608231077,8.792300532285866,-2.5111611638481173
bitcoin,2018-06-09,8.940304354723695,8.927045992837437,-2.00663715906859
bitcoin,2018-06-06,8.939445928761984,8.943111695416915,1.4625477288026538
bitcoin,2018-06-03,8.940248022636858,8.951731547010109,1.9501700598081995
bitcoin,2018-05-30,8.918747997582416,8.910250979410327,-1.8076026699164889
bitcoin,2018-05-27,8.904233602446185,8.905067145118476,0.8536982117761943
bitcoin,2018-05-24,8.930906853142742,8.934368137642007,1.4348881208673199
bitcoin,2018-05-21,9.050562388533745,9.03836391958721,-2.018450832386357
bitcoin,2018-05-18,8.99873376346759,9.018207238702226,2.2044998241711498
bitcoin,2018-05-15,9.071789545903508,9.04915937058272,-2.291834867415642
bitcoin,2018-05-12,9.041026645334854,9.048514143681993,1.8092229216894145
bitcoin,2018-05-09,9.12964320018772,9.140580778061269,2.0105119627372168
bitcoin,2018-05-06,9.194852044689458,9.175314050052505,-2.282191456275557
bitcoin,2018-05-03,9.130752644116965,9.18449524549675,2.708327402022013
bitcoin,2018-04-30,9.151344859939508,9.131464899485202,-2.270818533078923
bitcoin,2018-04-27,9.136869273898183,9.103651196262598,-2.4837013823394596
bitcoin,2018-04-24,9.097769479471673,9.179726513358347,2.8831843007772373
bitcoin,2018-04-21,9.088149008906884,9.093422212206804,1.6793370305207855
bitcoin,2018-04-18,8.980352199595634,9.007540967976384,2.3424029397152726
bitcoin,2018-04-15,8.987238069811216,9.027631940355812,2.5195392428629133
bitcoin,2018-04-12,8.847414503079241,8.973383099016013,2.9707512234843696
bitcoin,2018-04-09,8.860118845586529,8.820511872405033,-2.438684717081732
bitcoin,2018-04-06,8.827168903661839,8.80046354653841,-2.2568139245808934
bitcoin,2018-04-03,8.868309112579615,8.916923218675441,2.550044809564905
bitcoin,2018-03-30,8.878002576761162,8.83804694925609,-2.4501412913424683
bitcoin,2018-03-27,9.012011377036412,8.966233620161171,-2.5658006101858466
bitcoin,2018-03-24,9.094137961473436,9.067522565199873,-2.370753578104503
bitcoin,2018-03-21,9.098120831340752,9.09720302836219,-0.9637878273455037
bitcoin,2018-03-18,8.973544044208186,9.014894669101647,2.5239544622570644
bitcoin,2018-03-15,9.02301752957674,9.024234865064388,1.0453229787866716
bitcoin,2018-03-12,9.169927668684844,9.12762375926942,-2.600766039535229
bitcoin,2018-03-09,9.150132725713357,9.141906272918265,-1.8928734068887725
bitcoin,2018-03-06,9.350197961950878,9.285531328918696,-2.8580557180503647
bitcoin,2018-03-03,9.314961614438907,9.34929329152844,2.5897262562542385
bitcoin,2018-02-27,9.249070580236221,9.280481916818554,2.522052800868823
bitcoin,2018-02-24,9.238801484598214,9.191572349292029,-2.677269239604259
bitcoin,2018-02-21,9.339014989539361,9.277194958961424,-2.834293512442697
bitcoin,2018-02-18,9.316896172995758,9.26414650653471,-2.75785134368558
bitcoin,2018-02-15,9.157922234663651,9.226941802473608,2.8319209399829526
bitcoin,2018-02-12,9.004843940245152,9.096899520378777,2.8954998944023105
bitcoin,2018-02-09,9.020733138981404,9.075434320655477,2.668516371831767
bitcoin,2018-02-06,8.861172890670415,8.956093075610639,2.8471097408372383
bitcoin,2018-02-03,9.088525218246396,9.124336850565815,2.510263431780286
bitcoin,2018-01-30,9.333248032063509,9.221013214032487,-3.079723775139919
bitcoin,2018-01-27,9.321514953151599,9.345019855292296,2.426185825244513
bitcoin,2018-01-24,9.296921656489301,9.337888902922845,2.6599162000698504
bitcoin,2018-01-21,9.464222611716664,9.358855200184811,-3.1106233752333305
bitcoin,2018-01-18,9.323651199980889,9.348004463225715,2.4426365257822322
bitcoin,2018-01-15,9.53012412731116,9.533929982766383,1.7283537820212285
bitcoin,2018-01-12,9.507098630952042,9.545497458452152,2.722387094177124
bitcoin,2018-01-09,9.624084447991589,9.588530201949265,-2.7237018939912687
bitcoin,2018-01-06,9.767845362316395,9.771554881275302,1.8188854145940194
bitcoin,2018-01-03,9.61441785110575,9.629182277125986,2.34986008219233
bitcoin,2017-12-30,9.594438830342456,9.469098140849562,-3.2382217936778046
bitcoin,2017-12-27,9.690572758657343,9.670262099213645,-2.513217600067939
bitcoin,2017-12-24,9.589406746229782,9.541570320355449,-2.834674974462745
bitcoin,2017-12-21,9.719769020426375,9.66801202399924,-2.9245377177754905
bitcoin,2017-12-18,9.857830973556307,9.858239109062959,0.9444826721501327
bitcoin,2017-12-15,9.717296518963753,9.781766146670963,3.0439906658781344
bitcoin,2017-12-12,9.736298913366365,9.76516757003695,2.6960067152185476
bitcoin,2017-12-09,9.71258730376216,9.627681348638612,-3.1290773242527363
bitcoin,2017-12-06,9.386342000025317,9.567490203138126,3.374583392732726
bitcoin,2017-12-03,9.313230839575438,9.3346973076795,2.382917135087531
bitcoin,2017-11-30,9.201076595390688,9.233529415748881,2.5156221977963362
bitcoin,2017-11-27,9.143529404119613,9.192110207711732,2.668972656480091
bitcoin,2017-11-24,8.996530624867976,9.018536802650914,2.256886044558126
bitcoin,2017-11-21,9.012711046854944,8.996188771623729,-2.1318751879725912
bitcoin,2017-11-18,8.948743113284543,8.960743753129734,1.9728505558472282
bitcoin,2017-11-15,8.800228484291036,8.897892817612458,2.833644257061489
bitcoin,2017-11-12,8.747741261494813,8.691326314304625,-2.539552807882275
bitcoin,2017-11-09,8.915677993776969,8.874109306270926,-2.4832305869021027
bitcoin,2017-11-06,8.909805386920233,8.857053966166273,-2.5814490044401808
bitcoin,2017-11-03,8.866233263755827,8.883052232131712,2.0836101051623124
bitcoin,2017-10-30,8.718639040914312,8.72119958995697,1.2221960463017039
bitcoin,2017-10-27,8.682833045757727,8.662487627373116,-2.0786018003553917
bitcoin,2017-10-24,8.688878382088634,8.61751624031678,-2.6126567275344876
bitcoin,2017-10-21,8.699146347025474,8.70493337423705,1.5540043210119079
bitcoin,2017-10-18,8.631382220806824,8.629036846039371,-1.1501421618485619
bitcoin,2017-10-15,8.67196539234495,8.644563895912244,-2.2007684447831726
bitcoin,2017-10-12,8.482721822252989,8.602987327869107,2.7912203180149464
bitcoin,2017-10-09,8.43717981664582,8.470734507233866,2.2000292665537704
bitcoin,2017-10-06,8.37227377209183,8.382932389980633,1.6753199833392955
bitcoin,2017-10-03,8.39150751196381,8.370658767471918,-1.963693405238021
bitcoin,2017-09-30,8.334978028962205,8.375562804585378,2.239549720840474
bitcoin,2017-09-27,8.267176777492942,8.343237344289573,2.489578832920436
bitcoin,2017-09-24,8.242006064323773,8.211710965378838,-2.058084224750925
bitcoin,2017-09-21,8.269364964980154,8.197549752876398,-2.433657846692988
bitcoin,2017-09-18,8.18648948478749,8.310464181370122,2.676794171440283
bitcoin,2017-09-15,8.060634768923189,8.199332284542681,2.6741443768674396
bitcoin,2017-09-12,8.335642537400364,8.326470846607274,-1.5918434112247812
bitcoin,2017-09-09,8.350148743070278,8.349261994930208,-0.6766936096248666
bitcoin,2017-09-06,8.384253623628842,8.433402803286182,2.345432547499146
bitcoin,2017-09-03,8.430822336521253,8.430318532353013,-0.5198279937757713
bitcoin,2017-08-30,8.427566032614049,8.42645852795373,-0.7824726241662497
bitcoin,2017-08-27,8.377034170215715,8.38568945599045,1.5886078047426837
bitcoin,2017-08-24,8.328112845377728,8.374633739658066,2.296840627340024
bitcoin,2017-08-21,8.316662041772672,8.294734405596612,-1.9529860651970565
bitcoin,2017-08-18,8.372246028992926,8.333659700526745,-2.2167463336099757
bitcoin,2017-08-15,8.372858509987603,8.33876723690103,-2.1645312963054297
bitcoin,2017-08-12,8.202928922233912,8.265061000286991,2.371215682042361
bitcoin,2017-08-09,8.137805103018191,8.114764468820312,-1.897242102805367
bitcoin,2017-08-06,8.089056003066698,8.075563973978133,-1.6500159524718392
bitcoin,2017-08-03,7.904910534592636,7.939419033652123,1.9830396160461023
bitcoin,2017-07-30,7.9103668161228144,7.922326320908154,1.5287881917748958
bitcoin,2017-07-27,7.8398051802659765,7.890874408224967,2.1273316093800223
bitcoin,2017-07-24,7.913411281928882,7.9214848325849285,1.3647385550554043
bitcoin,2017-07-21,7.951351563094089,7.889369224042514,-2.234643807761768
bitcoin,2017-07-18,7.711781718881672,7.749270739184685,1.9363126336621939
bitcoin,2017-07-15,7.710258980525254,7.600832457091968,-2.3659744217025986
bitcoin,2017-07-12,7.755240264717443,7.783157347447049,1.8265283063406526
bitcoin,2017-07-09,7.8530648615249765,7.83179193358823,-1.7417029839577405
bitcoin,2017-07-06,7.866760613263829,7.866936903729655,0.16435285578444792
bitcoin,2017-07-03,7.823869995366475,7.849737149144151,1.8228216453031045
bitcoin,2017-06-30,7.840013843737831,7.816755499544829,-1.7737864449811909
bitcoin,2017-06-27,7.815792040369947,7.845200664928689,1.8750612633917
bitcoin,2017-06-24,7.915538001554121,7.866998214868374,-2.116607743988249
bitcoin,2017-06-21,7.904862572873458,7.8973336466261115,-1.3289908554494272
bitcoin,2017-06-18,7.8847082790229175,7.843570168010712,-2.0336649632031767
bitcoin,2017-06-15,7.824277983948454,7.810182352917118,-1.5563025007672873
bitcoin,2017-06-12,7.990989935605924,7.886318215838344,-2.469218000420631
bitcoin,2017-06-09,7.940384448026993,7.946196384681544,1.239799818447096
bitcoin,2017-06-06,7.897980253634226,7.960044358044602,2.2389488983117607
bitcoin,2017-06-03,7.821931777439087,7.830564717843408,1.3546845539547308
stellar,2019-04-24,0.10597402742099135,0.09826852685008511,-0.003690543861113262
stellar,2019-04-21,0.10928390907451865,0.10652343920004625,-0.0013334064684775316
stellar,2019-04-18,0.11033760935309307,0.11097144491189631,0.0003073716964419192
stellar,2019-04-15,0.11033044507347478,0.10762405192560648,-0.0013087268694009825
stellar,2019-04-12,0.1104199948797936,0.1085036707663119,-0.0009275304252225933
stellar,2019-04-09,0.12399923057659124,0.11812431074874719,-0.0028703007100705936
stellar,2019-04-06,0.11900717498090345,0.11754211774910601,-0.0007155617819820323
stellar,2019-04-03,0.1149871307543655,0.11452350693755198,-0.00022577443432283186
stellar,2019-03-30,0.10217564935106069,0.10197790106231602,-9.510007845825723e-05
stellar,2019-03-27,0.09837910220458268,0.10261254343827578,0.00202818918778587
stellar,2019-03-24,0.10250604553158114,0.1007607529508673,-0.0008382474524849824
stellar,2019-03-21,0.10571495283754735,0.10250875324599487,-0.0015424773237962017
stellar,2019-03-18,0.10389684501437019,0.10967380005787346,0.0027827108479501297
stellar,2019-03-15,0.10184333763238922,0.10235169368941029,0.0002444389901906467
stellar,2019-03-12,0.09741886405704289,0.0994814678731353,0.000987331083766518
stellar,2019-03-09,0.0834565661296906,0.08594280627124214,0.001173613683891244
stellar,2019-03-06,0.08281240697434443,0.08210150996184994,-0.00033514599031576176
stellar,2019-03-03,0.08093738425413798,0.08363777612543546,0.0012714883285933091
stellar,2019-02-27,0.08335536859477614,0.08268076340418323,-0.00031822124139299906
stellar,2019-02-24,0.09019347540666481,0.08087374688016338,-0.004386728034573955
stellar,2019-02-21,0.08781855113691038,0.08534340336138338,-0.0011705818161404662
stellar,2019-02-18,0.07659338096481728,0.08037280703090197,0.0017717767926825106
stellar,2019-02-15,0.07386830057764124,0.07629044596706992,0.0011324651015855523
stellar,2019-02-12,0.07471036210902676,0.07475119381373749,1.9108536818986735e-05
stellar,2019-02-09,0.07811038039264984,0.0777089095609583,-0.00018844291599048223
stellar,2019-02-06,0.07516683992675034,0.07175026637706836,-0.0015939720849049183
stellar,2019-02-03,0.07981160404807372,0.07820748622282149,-0.0007532815612050094
stellar,2019-01-30,0.08039679882201958,0.08216414813430958,0.0008317455481711213
stellar,2019-01-27,0.09520835643868371,0.09195546813714671,-0.0015485358479044816
stellar,2019-01-24,0.09746240755428208,0.09731725518940434,-6.948155872801059e-05
stellar,2019-01-21,0.0995584159843462,0.09837819589891576,-0.000565517355322588
stellar,2019-01-18,0.10283813713415954,0.10149194236827346,-0.0006470508159156959
stellar,2019-01-15,0.1038391589814046,0.1004650524074541,-0.0016199335148063029
stellar,2019-01-12,0.10189662330365906,0.10144044219998305,-0.00021926335402286856
stellar,2019-01-09,0.11619332829650464,0.11669266363903798,0.00024357088909962807
stellar,2019-01-06,0.10802266898110066,0.1136714836877811,0.0027322199949980316
stellar,2019-01-03,0.11238717079270956,0.10780003760298158,-0.002218346800416709
stellar,2018-12-30,0.11179536751873144,0.11103140572260217,-0.00037072920869517153
stellar,2018-12-27,0.11376341222813216,0.1047977573390635,-0.004321803776966212
stellar,2018-12-24,0.11926460425807013,0.12444523826326537,0.002534083789679489
stellar,2018-12-21,0.11883048688775637,0.11325368249436246,-0.0027115041006902153
stellar,2018-12-18,0.10406357499375306,0.10825332744022084,0.0020186791211946123
stellar,2018-12-15,0.09336920642454218,0.09115519616623284,-0.0010531889474470024
stellar,2018-12-12,0.10675713992396435,0.10767882629785881,0.00044535770897610456
stellar,2018-12-09,0.11207790340535058,0.11718552384841846,0.002480541284957609
stellar,2018-12-06,0.12715322025945458,0.11296611958799559,-0.006892425580411036
stellar,2018-12-03,0.14900517869839852,0.1393583826950342,-0.004812579645596261
stellar,2018-11-30,0.15268417646523322,0.1472382726646841,-0.0027391250735174727
stellar,2018-11-27,0.13484115950527717,0.1348577626068243,8.251516766996927e-06
stellar,2018-11-24,0.16713346612775903,0.14341179529019768,-0.01186931463906012
stellar,2018-11-21,0.17732157770556925,0.18539017709241484,0.0041807428024559145
stellar,2018-11-18,0.2190503857297585,0.22294993257131057,0.002107287581111732
stellar,2018-11-15,0.20949482983780626,0.2166778939279393,0.0038433869115463257
stellar,2018-11-12,0.2421921689263243,0.23690916895319056,-0.0029056768281465117
stellar,2018-11-09,0.22770194602856517,0.22756735186361626,-7.33895661980016e-05
stellar,2018-11-06,0.2206195687483568,0.23554315746999985,0.008066342842154215
stellar,2018-11-03,0.21034033886147474,0.21164246666368253,0.0006977846582675002
stellar,2018-10-30,0.20065251347867805,0.20301675948238382,0.0012546000309638372
stellar,2018-10-27,0.21014584592824856,0.20600553079810682,-0.0022084088055174863
stellar,2018-10-24,0.21652086968991904,0.21330329440268306,-0.0017289545764594405
stellar,2018-10-21,0.21810849667443985,0.21650073659404823,-0.0008668546751084623
stellar,2018-10-18,0.2158925260555127,0.214669346450808,-0.0006583255152979791
stellar,2018-10-15,0.1903409817433128,0.20130767436618915,0.005754757502758882
stellar,2018-10-12,0.18770454249469248,0.19559309898719462,0.004129984048196513
stellar,2018-10-09,0.22279869185702209,0.21826366400824887,-0.0024485853544826412
stellar,2018-10-06,0.21924556402333908,0.2149266851426162,-0.0023241939395357517
stellar,2018-10-03,0.2214893839334108,0.21602708925912578,-0.0029423441530171024
stellar,2018-09-30,0.22669563518803065,0.23079341634159103,0.002231309060705917
stellar,2018-09-27,0.2183199363664773,0.23048930508057996,0.006564870437504456
stellar,2018-09-24,0.24672960066973806,0.23035587983187752,-0.008934279651879833
stellar,2018-09-21,0.20948428686240816,0.22251215202362393,0.006965941869007301
stellar,2018-09-18,0.17939644950256586,0.18931123862076515,0.005147037923628279
stellar,2018-09-15,0.18333021459426596,0.18498633644609946,0.0008638206650682097
stellar,2018-09-12,0.18333271207077406,0.18089804408032564,-0.0012667250290883342
stellar,2018-09-09,0.17755270386882352,0.17628755543475133,-0.0006552900481042989
stellar,2018-09-06,0.1872328101546624,0.18853885593920347,0.0006839093243769539
stellar,2018-09-03,0.20267305304185215,0.20320611493169347,0.0002835017434342853
stellar,2018-08-30,0.2044564296102553,0.19958992982713236,-0.002578985317219112
stellar,2018-08-27,0.19385314505124215,0.20329751507587546,0.004974044810885025
stellar,2018-08-24,0.19463789831627074,0.19869182970727536,0.002137972150292957
stellar,2018-08-21,0.19710917896667968,0.19450371869071034,-0.0013741030949385158
stellar,2018-08-18,0.21440467834951535,0.2023161591258002,-0.0064185453786744255
stellar,2018-08-15,0.19744413206406364,0.19635101542743394,-0.0005776616068373903
stellar,2018-08-12,0.19739488129143204,0.20179815055482,0.0023285136830126342
stellar,2018-08-09,0.18369810891120217,0.20002639703739997,0.008507342040491065
stellar,2018-08-06,0.2191491844419214,0.21083207515005775,-0.004455511360829454
stellar,2018-08-03,0.23250994933554398,0.2302828060797779,-0.0012173568485670861
stellar,2018-07-30,0.26899225075771205,0.25922318258477933,-0.0054902445353626995
stellar,2018-07-27,0.26871559048864146,0.2752668211768066,0.003718533231505273
stellar,2018-07-24,0.25069801611573483,0.26348363773540734,0.0071219090590969175
stellar,2018-07-21,0.23931606831376295,0.2563918496663928,0.009399474327685425
stellar,2018-07-18,0.22573937923576345,0.2611327372182444,0.019179040427223955
stellar,2018-07-15,0.18899176143500895,0.19874511544962187,0.005111843916096248
stellar,2018-07-12,0.17420369594160867,0.1703493416429495,-0.0019840953052698107
stellar,2018-07-09,0.19114666736541294,0.1889073229508779,-0.00117447992793236
stellar,2018-07-06,0.18481926824739167,0.18762496881066237,0.0014654401477783231
stellar,2018-07-03,0.19200122395830482,0.18757025822962245,-0.0023203061336697786
stellar,2018-06-30,0.1713575039649092,0.17682732443678692,0.0028180941012204527
stellar,2018-06-27,0.16934016190391452,0.17364485619599684,0.0022135938747071997
stellar,2018-06-24,0.18497470075944822,0.17700159753825861,-0.004129984048196418
stellar,2018-06-21,0.20899351000959912,0.20538438672522394,-0.0019239993747873958
stellar,2018-06-18,0.2082467427868717,0.21056152859577,0.001237711076577851
stellar,2018-06-15,0.21647738169501476,0.21045701646679937,-0.00322479444910563
stellar,2018-06-12,0.2273634350673346,0.20838639817929897,-0.010129004368962882
stellar,2018-06-09,0.2523690941475107,0.2483386717726928,-0.002242542706688214
stellar,2018-06-06,0.2572164216473452,0.26103183872089164,0.0021418615887489234
stellar,2018-06-03,0.2612721298439841,0.26460175940768293,0.0018768679709848938
stellar,2018-05-30,0.24989686846202092,0.24509837078636784,-0.0026610049681183587
stellar,2018-05-27,0.25013128419745234,0.2440248123620662,-0.0033821107481323796
stellar,2018-05-24,0.24666552775786804,0.2556788901459932,0.0050032395488577505
stellar,2018-05-21,0.287402033244462,0.27620268568822187,-0.006399716352598391
stellar,2018-05-18,0.27251944867036604,0.2772437825659659,0.00269251366280629
stellar,2018-05-15,0.3145910076714916,0.29895207670729,-0.009133770568159155
stellar,2018-05-12,0.27319920013435134,0.30743837514558103,0.0194382554972483
stellar,2018-05-09,0.32580410535381316,0.320611401672334,-0.0031045060173258638
stellar,2018-05-06,0.3579107799786961,0.3456754709283458,-0.007489172085806611
stellar,2018-05-03,0.36395954667593966,0.36282131623350233,-0.0007103587967038895
stellar,2018-04-30,0.377537401573142,0.35393248683860623,-0.014532718993283998
stellar,2018-04-27,0.32673858943330086,0.33008401819152383,0.00201305943850359
stellar,2018-04-24,0.31672933611278165,0.3369506935710009,0.012009590499254345
stellar,2018-04-21,0.330391644376388,0.3189357967244191,-0.006829584934485219
stellar,2018-04-18,0.26262423067334856,0.3012476426232105,0.021687831058413827
stellar,2018-04-15,0.22392644477313467,0.2552017517280736,0.016926005188347172
stellar,2018-04-12,0.19165948894818965,0.21681959720152197,0.013200530802555004
stellar,2018-04-09,0.1879042777011728,0.18009658337536819,-0.004056846597754066
stellar,2018-04-06,0.1804706783079891,0.1767368244999913,-0.0019343762445294883
stellar,2018-04-03,0.20375031220724862,0.21163032778028978,0.004191926137205576
stellar,2018-03-30,0.1744422631951846,0.17288803403913924,-0.0008022690276784695
stellar,2018-03-27,0.20584682163231943,0.1955939213336368,-0.005408757520100654
stellar,2018-03-24,0.2132911756632741,0.21141261211851098,-0.0010076960950762609
stellar,2018-03-21,0.23954432041526347,0.22684549067342047,-0.0069082411814841765
stellar,2018-03-18,0.187648178455929,0.1992384885250665,0.00606536522386926
stellar,2018-03-15,0.22222633079604934,0.21563946596125536,-0.003546262339686563
stellar,2018-03-12,0.2656672650885854,0.25600950027179104,-0.005410473193774491
stellar,2018-03-09,0.27097096647522,0.27144521523444043,0.0002700471917708435
stellar,2018-03-06,0.30140226862280756,0.2911094423038348,-0.005970278592272193
stellar,2018-03-03,0.27688979476082554,0.300229029152215,0.0133205825851909
stellar,2018-02-27,0.3108847952195031,0.3089916519601974,-0.0011194700024049664
stellar,2018-02-24,0.32402870747339374,0.3039217422997286,-0.0117919745343242
stellar,2018-02-21,0.33627078776032504,0.3341588485154934,-0.0012805817553055313
stellar,2018-02-18,0.3919441100033856,0.37183869099329137,-0.012607789161368269
stellar,2018-02-15,0.3729749737074453,0.3740129679663996,0.0006544227678663461
stellar,2018-02-12,0.3178579172930875,0.3333595400609324,0.009224765837674315
stellar,2018-02-09,0.30800735725637324,0.3372348029364571,0.017182393650087724
stellar,2018-02-06,0.2902323178099638,0.3154025354973548,0.014551198698063254
stellar,2018-02-03,0.3407132308784675,0.3577136043442111,0.010344910577862939
stellar,2018-01-30,0.46425652121206906,0.39853985043718443,-0.04185949815974046
stellar,2018-01-27,0.489496772382123,0.4781336161589356,-0.007932889630185952
stellar,2018-01-24,0.39643579965029224,0.44917189760327775,0.03362356540227317
stellar,2018-01-21,0.4281048833617378,0.38125233037863077,-0.029477120672853286
stellar,2018-01-18,0.39171906263604744,0.41179370688206557,0.012837646350095561
stellar,2018-01-15,0.48581792154009323,0.469547900417126,-0.01124597590840495
stellar,2018-01-12,0.4439573508630977,0.5175787698586226,0.04886734343805206
stellar,2018-01-09,0.4873682379687917,0.4609963098674482,-0.01802315356516198
stellar,2018-01-06,0.5086592789345699,0.536461206254614,0.019898977181728922
stellar,2018-01-03,0.44642789271702993,0.6398661224046726,0.1249952997809712
stellar,2017-12-30,0.27495619081873574,0.28005455677345104,0.0029125791493562663
stellar,2017-12-27,0.2039697022955299,0.20638307597782432,0.0012849118915815238
stellar,2017-12-24,0.21252173906786292,0.20249176358333768,-0.005327684212051433
stellar,2017-12-21,0.22545607536812742,0.22888702594127555,0.0018660572948416057
stellar,2017-12-18,0.24150749714550693,0.24395194716539007,0.0013511575936301157
stellar,2017-12-15,0.18112500788140828,0.1788672642557385,-0.0011723143145898197
stellar,2017-12-12,0.13385846413080568,0.1453497795541569,0.00570075335700743
stellar,2017-12-09,0.13133172512886404,0.1267401341436229,-0.0022628489447504
stellar,2017-12-06,0.11472324816632143,0.14117138342891275,0.012862101055256666
stellar,2017-12-03,0.08941191006984196,0.08529198301195236,-0.0019482116851774786
stellar,2017-11-30,0.0634948517040474,0.0703382327491686,0.0031661633898497224
stellar,2017-11-27,0.04770958054918766,0.05812078394658437,0.004741275386543546
stellar,2017-11-24,0.039640817204908085,0.039406272859091006,-0.0001059549276088001
stellar,2017-11-21,0.03741812793383741,0.036975887724683056,-0.0001992954323900308
stellar,2017-11-18,0.034878607534445244,0.035929726870517625,0.0004726893581260309
stellar,2017-11-15,0.03582167372756131,0.0363830369095489,0.00025268586401179
stellar,2017-11-12,0.0324333076661107,0.027792194164302432,-0.0020722785939082957
stellar,2017-11-09,0.033233595309155844,0.03916878872830863,0.0026644580872906966
stellar,2017-11-06,0.02634393133960098,0.028470831975694312,0.0009483315882435042
stellar,2017-11-03,0.0271267209143388,0.027400163376596544,0.00012201960646288158
stellar,2017-10-30,0.030268259255255756,0.0313087265411926,0.0004657481498616542
stellar,2017-10-27,0.03409220016776932,0.03366298988874755,-0.00019278395509341319
stellar,2017-10-24,0.033885351544460034,0.03599339557717679,0.0009470315447428314
stellar,2017-10-21,0.026975857659912682,0.03578115078867798,0.003928180839327125
stellar,2017-10-18,0.04479170478393174,0.03452992087706327,-0.004612382563610143
stellar,2017-10-15,0.017143211830628034,0.018748149961692533,0.0007090580406447243
stellar,2017-10-12,0.019310349284494703,0.01762771486824985,-0.0007437435356967701
stellar,2017-10-09,0.01862546412316482,0.017447896307640286,-0.0005204071620158228
stellar,2017-10-06,0.01455062434770891,0.018235714054049952,0.0016238275954407323
stellar,2017-10-03,0.012863904055762385,0.012327700688533722,-0.00023575790119445043
stellar,2017-09-30,0.013076133507195496,0.013762855914820595,0.0003021638185893133
stellar,2017-09-27,0.012223981772629363,0.01427561676848204,0.0009019609639918911
stellar,2017-09-24,0.011844575242878517,0.0114966594231359,-0.00015284475853029873
stellar,2017-09-21,0.012031332383546985,0.010544213875671097,-0.0006526882021945825
stellar,2017-09-18,0.01111104310461224,0.013365285332174312,0.0009899309256183435
stellar,2017-09-15,0.011067528337770197,0.012024416074346568,0.0004201937175181994
stellar,2017-09-12,0.01687088295004052,0.016192195957041324,-0.0002995598562438129
stellar,2017-09-09,0.017369276942274192,0.016950524699861018,-0.0001849700534661197
stellar,2017-09-06,0.018409500482749228,0.020141785461820858,0.0007662876220505291
stellar,2017-09-03,0.0205993686370154,0.02107240901733461,0.00020971359300257062
stellar,2017-08-30,0.01985752774990661,0.021001907871661722,0.000506959947853754
stellar,2017-08-27,0.020900064107741662,0.019591820764318497,-0.0005793964721895412
stellar,2017-08-24,0.020258405766332005,0.018845306465685246,-0.0006253678790015893
stellar,2017-08-21,0.017514717908730323,0.019560441108727223,0.0009041279258702763
stellar,2017-08-18,0.017177616340177948,0.016701746098257406,-0.00021014767760453313
stellar,2017-08-15,0.017451827113662007,0.017282788500712642,-7.469222753994278e-05
stellar,2017-08-12,0.021174235231406567,0.020016329950336986,-0.0005130329348407708
stellar,2017-08-09,0.023533892753267224,0.022735576893418912,-0.0003546737272177637
stellar,2017-08-06,0.02355538082152975,0.02244716663320463,-0.0004922109116083039
stellar,2017-08-03,0.018147336489324675,0.018684355204127798,0.00023749413287584933
stellar,2017-07-30,0.017340775895841765,0.015857601000792535,-0.0006544227678663461
stellar,2017-07-27,0.018759927010383797,0.018156174597282148,-0.00026700900951329187
stellar,2017-07-24,0.021440500934824594,0.022353293149167917,0.0004050078448220314
stellar,2017-07-21,0.018815866097639293,0.01901898699697598,8.988965449570273e-05
stellar,2017-07-18,0.018557735092267866,0.018493928185688506,-2.822822391636452e-05
stellar,2017-07-15,0.016113477803413608,0.017464602126523,0.0005963110461953748
stellar,2017-07-12,0.014220408999946248,0.017748558355939834,0.0015541615446136468
stellar,2017-07-09,0.021397433348071072,0.019311330158914744,-0.00092363009623736
stellar,2017-07-06,0.025182248796558268,0.02510033433861067,-3.6479204374726555e-05
stellar,2017-07-03,0.025371406547861144,0.025926972405962805,0.00024747733034422763
stellar,2017-06-30,0.028614667366056952,0.026630246360143047,-0.0008850582902521367
stellar,2017-06-27,0.029770430332177238,0.02869726617736115,-0.00047963045545287023
stellar,2017-06-24,0.039652350753598437,0.03749807642008436,-0.0009712983817591226
stellar,2017-06-21,0.038616684610919584,0.037415238109822904,-0.0005416615868445368
stellar,2017-06-18,0.03839056097998864,0.03761557946133306,-0.00034946641656374925
stellar,2017-06-15,0.03921494390587007,0.03675517621348903,-0.0011082072685753843
stellar,2017-06-12,0.04480604763055685,0.03920917462517419,-0.002527607224734693
stellar,2017-06-09,0.04910440050630807,0.04626889319720178,-0.0012896749916200359
stellar,2017-06-06,0.04067638391954611,0.044406283275796786,0.0016869933598560726
stellar,2017-06-03,0.0392610969532292,0.038541636479053634,-0.00032473083826513224
litecoin,2019-04-24,4.327438444389479,4.308245532169378,-0.38738982633872904
litecoin,2019-04-21,4.413040688203051,4.360930671379148,-0.7151673578484578
litecoin,2019-04-18,4.386889790339869,4.41968362585098,0.5658478186735167
litecoin,2019-04-15,4.4309358393767555,4.382651439442724,-0.6954816764901982
litecoin,2019-04-12,4.389870788696931,4.3815265096322,-0.22271647114758372
litecoin,2019-04-09,4.505349850705881,4.474947598938117,-0.5693739096150452
litecoin,2019-04-06,4.496582245571192,4.5387098192878215,0.6866362692622934
litecoin,2019-04-03,4.347176357238135,4.453416630760555,0.9849771264154933
litecoin,2019-03-30,4.131158535344817,4.120986493168521,-0.21218760440395848
litecoin,2019-03-27,4.101154654150649,4.1470951276076295,0.5843312243675312
litecoin,2019-03-24,4.130997879870137,4.114473933517266,-0.30535136944662444
litecoin,2019-03-21,4.125035409542898,4.100657924278693,-0.39619934709573545
litecoin,2019-03-18,4.131640346965797,4.115127101404629,-0.30535136944662444
litecoin,2019-03-15,4.052480358123402,4.094177881665002,0.5378190950732745
litecoin,2019-03-12,4.032646447751885,4.060443010546419,0.4132997640812524
litecoin,2019-03-09,4.04305126783455,4.079061705357583,0.4899584794248351
litecoin,2019-03-06,3.98935434836447,4.039184151044825,0.5751878449276608
litecoin,2019-03-03,3.912422925449473,3.8995454839170334,-0.21484384804769804
litecoin,2019-02-27,3.8394523125933104,3.841171264456195,0.033423755486949015
litecoin,2019-02-24,3.9642358768750805,3.821660565347755,-0.9030899869919435
litecoin,2019-02-21,3.9672684796541247,3.9150185144079446,-0.567026366159061
litecoin,2019-02-18,3.803992261214441,3.892636291627956,0.7126497016272111
litecoin,2019-02-15,3.752792779857589,3.7773481021015445,0.3138672203691539
litecoin,2019-02-12,3.7880458256084353,3.8051057230820686,0.24551266781414932
litecoin,2019-02-09,3.7846440760983158,3.824065726669004,0.4424797690644479
litecoin,2019-02-06,3.565298392342582,3.5242995787961386,-0.3838153659804316
litecoin,2019-02-03,3.5675589188773804,3.53921867955953,-0.2988530764097071
litecoin,2019-01-30,3.4679210137050633,3.494384096388273,0.26951294421791616
litecoin,2019-01-27,3.528710701961115,3.5142284036242013,-0.17318626841227255
litecoin,2019-01-24,3.497718948652777,3.519868911379654,0.24054924828260021
litecoin,2019-01-21,3.4716558453107167,3.4722769633431074,0.00860017176191738
litecoin,2019-01-18,3.4937765629552486,3.475376779836407,-0.20411998265592515
litecoin,2019-01-15,3.507956918233689,3.4815477343158143,-0.2718416065364992
litecoin,2019-01-12,3.510350695558678,3.507956918233689,-0.033423755486949015
litecoin,2019-01-09,3.700066643504501,3.688629422858727,-0.16435285578443734
litecoin,2019-01-06,3.5793435670456293,3.696351468952637,0.7363965022766421
litecoin,2019-01-03,3.536602018668358,3.4974162394026984,-0.36548798489089973
litecoin,2018-12-30,3.4787755163075302,3.495901317131453,0.19312459835446125
litecoin,2018-12-27,3.464485120898074,3.377246160839642,-0.5646660642520895
litecoin,2018-12-24,3.540089380528774,3.5322256440685598,-0.1038037209559555
litecoin,2018-12-21,3.5183876490735586,3.459466289786131,-0.46686762035410884
litecoin,2018-12-18,3.410157123033627,3.4384931664058525,0.2718416065364992
litecoin,2018-12-15,3.1970391302590264,3.2100368762009963,0.12057393120584996
litecoin,2018-12-12,3.2108436531709366,3.238286218388024,0.22788670461367294
litecoin,2018-12-09,3.250374491927572,3.2939832973550063,0.33243845991560506
litecoin,2018-12-06,3.4094961844768505,3.330059353828816,-0.5198279937757185
litecoin,2018-12-03,3.5499047018233476,3.4679210137050633,-0.5728716022004804
litecoin,2018-11-30,3.5496173867804286,3.498324092392878,-0.43775056282038716
litecoin,2018-11-27,3.4147715016892732,3.4679210137050633,0.424881636631067
litecoin,2018-11-24,3.5043554737647815,3.4085039568445934,-0.6063813651106049
litecoin,2018-11-21,3.5284172316728752,3.5743099993708003,0.4149733479708182
litecoin,2018-11-18,3.763290951627747,3.768845235751818,0.09342168516223327
litecoin,2018-11-15,3.8006444174447567,3.8055507609176296,0.08635983067475035
litecoin,2018-11-12,3.9604321446358335,3.9444901955656477,-0.2624510897304291
litecoin,2018-11-09,3.977061401607368,3.9684033388642534,-0.16435285578443734
litecoin,2018-11-06,4.001863709427935,4.0421736898931915,0.5118833609788743
litecoin,2018-11-03,3.9569963710708773,3.9506666290203505,-0.12385164096708523
litecoin,2018-10-30,3.912023005428146,3.9168115221599433,0.09342168516223577
litecoin,2018-10-27,3.972741740462852,3.9689702858698963,-0.07918124604762586
litecoin,2018-10-24,3.978933710710773,3.9800554158199732,0.025305865264771174
litecoin,2018-10-21,3.9969154724461085,3.987501466604052,-0.17897694729316888
litecoin,2018-10-18,4.002229273314295,3.98024224440529,-0.3404441148401179
litecoin,2018-10-15,3.973494327516247,4.023206534388761,0.5693739096150461
litecoin,2018-10-12,3.9487405883633087,3.9991177122790798,0.5658478186735176
litecoin,2018-10-09,4.101816577060802,4.089499510558901,-0.24054924828260021
litecoin,2018-10-06,4.092342559551428,4.074821895733237,-0.30963016742589855
litecoin,2018-10-03,4.103964805599091,4.068684815441523,-0.49136169383427286
litecoin,2018-09-30,4.137244396537321,4.129389903964901,-0.1731862684122746
litecoin,2018-09-27,4.068171687918078,4.158570534521372,0.8149131812750735
litecoin,2018-09-24,4.132603274339191,4.077028840012413,-0.6404814369704223
litecoin,2018-09-21,4.056642695038089,4.12260802749496,0.6937269489236467
litecoin,2018-09-18,3.975748696308691,4.009149716158869,0.44870631990508025
litecoin,2018-09-15,4.048998460455224,4.055430468722875,0.13672056715640596
litecoin,2018-09-12,3.9776234625120948,3.9638561540681634,-0.23804610312879643
litecoin,2018-09-09,3.9939715880753135,4.0239220979255546,0.4232458739368076
litecoin,2018-09-06,4.082946517269732,4.068855799454934,-0.2624510897304291
litecoin,2018-09-03,4.20200243692861,4.195245147157833,-0.1613680022349715
litecoin,2018-08-30,4.13947725232944,4.116106054003613,-0.389166084364533
litecoin,2018-08-27,4.064915751531289,4.114963849424837,0.6009728956867485
litecoin,2018-08-24,4.070734696582967,4.076350298849822,0.12385164096708523
litecoin,2018-08-21,4.00314259879563,4.04917284357538,0.5538830266438741
litecoin,2018-08-18,4.136126096237056,4.065258981327004,-0.7226339225338123
litecoin,2018-08-15,4.019621016026164,4.0163830207523885,-0.07188200730612528
litecoin,2018-08-12,4.0812593226734455,4.09982949245267,0.32428245529769256
litecoin,2018-08-09,4.150567353318379,4.174079530240954,0.3996737214810378
litecoin,2018-08-06,4.331522502500114,4.316020370261276,-0.33645973384852984
litecoin,2018-08-03,4.3476939555933765,4.363608049149864,0.3502480183341646
litecoin,2018-07-30,4.444414407108697,4.429029488269218,-0.361727836017595
litecoin,2018-07-27,4.439469730210373,4.448048430215879,0.23804610312879285
litecoin,2018-07-24,4.427000000316613,4.503026712319388,0.8813846567705728
litecoin,2018-07-21,4.426760966014053,4.448048430215879,0.44715803134221876
litecoin,2018-07-18,4.508879525669805,4.47688216568656,-0.5865873046717549
litecoin,2018-07-15,4.3528552573736015,4.3812763532831775,0.5105450102066116
litecoin,2018-07-12,4.376888456817758,4.354269957628839,-0.44404479591807644
litecoin,2018-07-09,4.425325559069029,4.405010471064257,-0.42813479402878996
litecoin,2018-07-06,4.440767129696482,4.435330406696193,-0.16435285578443945
litecoin,2018-07-03,4.458871928370793,4.455509411433685,-0.11058971029925106
litecoin,2018-06-30,4.381401439279963,4.411221292953157,0.5340261060561352
litecoin,2018-06-27,4.355810987855469,4.40256428589143,0.6748611407378107
litecoin,2018-06-24,4.4277167605909975,4.404032714936497,-0.4712917110589376
litecoin,2018-06-21,4.59390699370938,4.584252937732703,-0.29003461136251546
litecoin,2018-06-18,4.572337028892851,4.603368564041463,0.6074550232146683
litecoin,2018-06-15,4.6260506635674465,4.581696829802449,-0.7347998295888464
litecoin,2018-06-12,4.68610480348409,4.622518824322705,-0.8853612200315125
litecoin,2018-06-09,4.7966992235329595,4.776936228842529,-0.5276299008713392
litecoin,2018-06-06,4.811289646296506,4.805495367221621,-0.23299611039215226
litecoin,2018-06-03,4.82261754475742,4.840242308167575,0.5065050324048712
litecoin,2018-05-30,4.7919816480548985,4.775166093091409,-0.478566495593844
litecoin,2018-05-27,4.783316371371566,4.779039455967062,-0.1789769472931709
litecoin,2018-05-24,4.7890738239646975,4.817131447899731,0.6454222693490921
litecoin,2018-05-21,4.946203433936867,4.909045438334623,-0.7874604745184147
litecoin,2018-05-18,4.895598484107897,4.920418786157677,0.6394864892685874
litecoin,2018-05-15,5.00051761590797,4.94790846418795,-0.9350031514536554
litecoin,2018-05-12,4.929135970517119,4.9620051171281885,0.7497363155690614
litecoin,2018-05-09,5.079041326760316,5.062911438661627,-0.5526682161121924
litecoin,2018-05-06,5.187497531442793,5.152134856369956,-0.8585371975696391
litecoin,2018-05-03,5.029522469814738,5.090431817622808,1.02530586526477
litecoin,2018-04-30,5.041164499131079,5.0071626046172835,-0.7902851640332429
litecoin,2018-04-27,5.039805671396036,4.989752083179832,-0.9314578706890047
litecoin,2018-04-24,5.034156489137602,5.116675578658839,1.15259407792747
litecoin,2018-04-21,5.05420550879763,5.010168518506812,-0.8893017025063102
litecoin,2018-04-18,4.89320219720416,4.948759890378168,0.9355072658247129
litecoin,2018-04-15,4.84944880983226,4.890649834884672,0.8041394323353498
litecoin,2018-04-12,4.781557503293855,4.870146420904234,1.080987046910887
litecoin,2018-04-09,4.777273042587714,4.753503980493785,-0.578639209968073
litecoin,2018-04-06,4.785990616655779,4.737513372975805,-0.8241258339165481
litecoin,2018-04-03,4.7917327370393,4.908750213592645,1.2030328870147105
litecoin,2018-03-30,4.751864565138895,4.784152841516532,0.681241237375587
litecoin,2018-03-27,5.010368591867711,4.91837379566995,-1.1516762308470478
litecoin,2018-03-24,5.133029902309862,5.079103583569675,-0.9956351945975501
litecoin,2018-03-21,5.139087140977479,5.136092511453205,-0.17897694729316682
litecoin,2018-03-18,5.033961119399752,5.043876627876058,0.4031205211758181
litecoin,2018-03-15,5.088830141681313,5.108850341593211,0.6314437690131721
litecoin,2018-03-12,5.247129329778604,5.188669897243506,-1.0715138050950899
litecoin,2018-03-09,5.178857926510709,5.237345809556553,1.06781451116184
litecoin,2018-03-06,5.354272278692483,5.286244785313768,-1.1734776434529943
litecoin,2018-03-03,5.369893565037259,5.354886718035931,-0.6232492903979022
litecoin,2018-02-27,5.405870476712758,5.382658514981787,-0.7860412102425552
litecoin,2018-02-24,5.354886718035931,5.349105533380142,-0.3463529744506384
litecoin,2018-02-21,5.446521831197753,5.367610193043986,-1.2695129442179163
litecoin,2018-02-18,5.444623069137621,5.378698478494849,-1.1978316933289024
litecoin,2018-02-15,5.362934009634009,5.42243584638443,1.1486026548060937
litecoin,2018-02-12,5.017941869278694,5.091108678246132,1.0958664534785427
litecoin,2018-02-09,5.0154901568224375,5.105642397674591,1.182414652434554
litecoin,2018-02-06,4.856084534247658,4.969743852720179,1.2166935991697547
litecoin,2018-02-03,4.885827643502908,5.082955955675882,1.4749443354653877
litecoin,2018-01-30,5.206476162882456,5.1136731143844365,-1.234770295160916
litecoin,2018-01-27,5.179871611341555,5.203402108751749,0.7185016888672735
litecoin,2018-01-24,5.189785159724575,5.19844178112078,0.40823996531185
litecoin,2018-01-21,5.357717709829484,5.25446996676776,-1.3388547462523235
litecoin,2018-01-18,5.236175970010187,5.2670330765082705,0.8382192219076267
litecoin,2018-01-15,5.47348841931315,5.454337726005947,-0.7419390777291974
litecoin,2018-01-12,5.441508206138953,5.4716822652990995,0.9068735347220717
litecoin,2018-01-09,5.543652845368744,5.513590023481677,-0.9329808219231993
litecoin,2018-01-06,5.5245361843791745,5.695246143633915,1.6783362467321798
litecoin,2018-01-03,5.5479080878770946,5.506834471000083,-1.0542299098633967
litecoin,2017-12-30,5.505697322682768,5.393445711639614,-1.433449793761596
litecoin,2017-12-27,5.66153585472778,5.610094312003862,-1.1880843737149371
litecoin,2017-12-24,5.676788048257223,5.6239453014145715,-1.2049335223541442
litecoin,2017-12-21,5.754665684970771,5.76349687842828,0.579783596616805
litecoin,2017-12-18,5.768164733585469,5.884269015504426,1.6062738531699883
litecoin,2017-12-15,5.64180068230032,5.706379100503467,1.2968844755385458
litecoin,2017-12-12,5.363449461485819,5.759406378404198,2.0199466816788423
litecoin,2017-12-09,4.855773250198451,5.051393286568423,1.458788881710845
litecoin,2017-12-06,4.639378357317828,4.618579872898009,-0.49554433754644983
litecoin,2017-12-03,4.616999937741668,4.627518589651853,0.3159703454569193
litecoin,2017-11-30,4.468777561082536,4.492337377713747,0.488550716500444
litecoin,2017-11-27,4.464642950851115,4.528289141652134,0.8267225201689916
litecoin,2017-11-24,4.305955197722586,4.36906803350949,0.765668554759014
litecoin,2017-11-21,4.293195420967266,4.2631023230097185,-0.5010592622177518
litecoin,2017-11-18,4.2255190127729065,4.257596556295705,0.5092025223311034
litecoin,2017-11-15,4.155439661581911,4.171614197713401,0.30963016742589855
litecoin,2017-11-12,4.148043294556035,4.094511215001422,-0.633468455579587
litecoin,2017-11-09,4.150882413182359,4.178532512647126,0.44404479591807533
litecoin,2017-11-06,4.0210567664522685,4.028382806544341,0.14921911265538104
litecoin,2017-11-03,4.017823424314358,4.046204186894165,0.4149733479708182
litecoin,2017-10-30,4.057680577850509,4.049870072120271,-0.16136800223497574
litecoin,2017-10-27,4.037244970181528,4.031227252906622,-0.12710479836480873
litecoin,2017-10-24,4.024637149797281,4.04234926710372,0.3010299956639812
litecoin,2017-10-21,4.115779842942166,4.0809215418899605,-0.49136169383427186
litecoin,2017-10-18,4.104129862956897,4.122770036405805,0.33041377334918953
litecoin,2017-10-15,4.17638527255831,4.19675071805349,0.36921585741014346
litecoin,2017-10-12,3.949126093379648,4.1126755189068245,1.0094508957986938
litecoin,2017-10-09,3.9904644317347087,3.934957976710642,-0.5932860670204574
litecoin,2017-10-06,3.9634762870170617,3.9725535051681784,0.17026171539495646
litecoin,2017-10-03,3.9961803134348695,3.976873977747762,-0.30963016742589855
litecoin,2017-09-30,3.9821086129948338,4.027848570933736,0.5453071164658239
litecoin,2017-09-27,3.9623358193017353,4.04795152265239,0.7558748556724916
litecoin,2017-09-24,3.917010546939185,3.884034968887977,-0.4199557484897583
litecoin,2017-09-21,3.9638561540681634,3.8630428232064276,-0.7817553746524687
litecoin,2017-09-18,3.902578546600146,4.0347714706871995,0.9030899869919435
litecoin,2017-09-15,3.7539647007698704,3.8960968548778867,0.8762178405916424
litecoin,2017-09-12,4.208268308540415,4.177919485808005,-0.47856649559384207
litecoin,2017-09-09,4.222591181666628,4.20484186198508,-0.342422680822204
litecoin,2017-09-06,4.287441192184014,4.395806258082254,0.9698816437464999
litecoin,2017-09-03,4.381776603418673,4.354655437877749,-0.49692964807321505
litecoin,2017-08-30,4.161379963558259,4.176999240344289,0.30319605742049
litecoin,2017-08-27,3.966511190712216,4.129711706059392,1.0153597554092142
litecoin,2017-08-24,3.9856451452987596,3.935544200469492,-0.5599066250361128
litecoin,2017-08-21,3.8541820057382963,3.8905950580145254,0.43933269383026263
litecoin,2017-08-18,3.8044377947482086,3.8770173962293306,0.6414741105040997
litecoin,2017-08-15,3.846096855311979,3.7912103852113983,-0.5440680443502757
litecoin,2017-08-12,3.8722421354163012,3.85925493988949,-0.20951501454263025
litecoin,2017-08-09,3.9037892005010426,3.8920243589214563,-0.1986570869544241
litecoin,2017-08-06,3.8680711178989635,3.8308129500026027,-0.43933269383026263
litecoin,2017-08-03,3.7656089869726097,3.781002742989742,0.22271647114758372
litecoin,2017-07-30,3.7419461750506287,3.723763855967438,-0.24551266781414932
litecoin,2017-07-27,3.769306703226551,3.76445064096101,-0.08278537031645039
litecoin,2017-07-24,3.810211739281461,3.8157323451098595,0.09691001300805642
litecoin,2017-07-21,3.8301619789478254,3.8450281366038674,0.22788670461367294
litecoin,2017-07-18,3.775515760773483,3.8133070324889884,0.4281347940287888
litecoin,2017-07-15,3.779862101825807,3.686877451443263,-0.6893088591236203
litecoin,2017-07-12,3.8342776568032932,3.907010463604602,0.6522463410033233
litecoin,2017-07-09,3.977061401607368,3.923556241241819,-0.5774917998372254
litecoin,2017-07-06,3.9926809084456005,3.9537405987800147,-0.4871383754771865
litecoin,2017-07-03,3.749033376933683,3.85925493988949,0.7745169657285498
litecoin,2017-06-30,3.7386215460087504,3.7220724214697003,-0.22788670461367294
litecoin,2017-06-27,3.7407600759909254,3.726656818447966,-0.20139712432045243
litecoin,2017-06-24,3.876395827784995,3.817492521581913,-0.5751878449276608
litecoin,2017-06-21,3.877431560658527,3.8875253738277458,0.1731862684122746
litecoin,2017-06-18,3.8803259186848913,3.8509983035903717,-0.38021124171160575
litecoin,2017-06-15,3.441058915087286,3.441058915087286,0.0
litecoin,2017-06-12,3.533102452542094,3.417726683613366,-0.6748611407378112
litecoin,2017-06-09,3.440097530619712,3.4236109764990554,-0.17897694729316987
litecoin,2017-06-06,3.460723360976182,3.4515735889872223,-0.11058971029924868
litecoin,2017-06-03,3.402529826895934,3.3555024224000256,-0.3765769570565118
ethereum,2019-04-24,5.149527292962874,5.116975329867582,-0.814247595731919
ethereum,2019-04-21,5.16318469255654,5.141955911423614,-0.669316880566111
ethereum,2019-04-18,5.1234281215713775,5.163699669823092,0.8976270912904417
ethereum,2019-04-15,5.129306823813755,5.091108678246132,-0.8651039746411286
ethereum,2019-04-12,5.1140338864405415,5.110420295420896,-0.20411998265592324
ethereum,2019-04-09,5.199711762793915,5.176771008468541,-0.7084209001347115
ethereum,2019-04-06,5.115055367677026,5.117694366389664,0.15836249209524897
ethereum,2019-04-03,5.106006078124714,5.090431817622808,-0.550228353055092
ethereum,2019-03-30,4.96535894922662,4.963473802918644,-0.10380372095596037
ethereum,2019-03-27,4.9159582471543475,4.955756632586266,0.8155777483242687
ethereum,2019-03-24,4.9367734454978,4.927181218763463,-0.367355921026016
ethereum,2019-03-21,4.95215836433728,4.924641580929279,-0.6848453616444128
ethereum,2019-03-18,4.9494688588587685,4.944281793546234,-0.23804610312879285
ethereum,2019-03-15,4.90208450975345,4.932241226668244,0.7092699609758312
ethereum,2019-03-12,4.905348849769155,4.90852873782488,0.1553360374650639
ethereum,2019-03-09,4.911845734932406,4.9342580824984905,0.6106601630898812
ethereum,2019-03-06,4.934186121932849,4.940141296483037,0.2624510897304257
ethereum,2019-03-03,4.911109574710704,4.892227063045954,-0.5490032620257869
ethereum,2019-02-27,4.9346897371814515,4.920929381011763,-0.4623979978989569
ethereum,2019-02-24,5.074548619839908,4.918885435486688,-1.3811150807098507
ethereum,2019-02-21,5.012965909434538,4.991316549709856,-0.6253124509616738
ethereum,2019-02-18,4.898063655490406,4.991112627607392,1.1482940974347455
ethereum,2019-02-15,4.8077027833981765,4.812997033190408,0.21748394421390405
ethereum,2019-02-12,4.805495367221621,4.816807797116099,0.3783979009481352
ethereum,2019-02-09,4.7892402133161625,4.791068671272389,0.08635983067475288
ethereum,2019-02-06,4.687395126243761,4.662684092188698,-0.5622928644564736
ethereum,2019-02-03,4.71393490077948,4.686658002834359,-0.6020599913279624
ethereum,2019-01-30,4.6672995574536404,4.699661849080809,0.6532125137753437
ethereum,2019-01-27,4.7665234363458495,4.739788487712852,-0.6127838567197365
ethereum,2019-01-24,4.774575350848819,4.773730827532009,-0.041392685158222794
ethereum,2019-01-21,4.792810904259646,4.7720396382231245,-0.5415792439465814
ethereum,2019-01-18,4.825509809969567,4.8041030085872425,-0.5611013836490562
ethereum,2019-01-15,4.868841288478369,4.812428228072077,-0.9106244048892005
ethereum,2019-01-12,4.85616234012204,4.8439508380817005,-0.40823996531185
ethereum,2019-01-09,5.020915603503812,5.02256386496153,0.09691001300805642
ethereum,2019-01-06,5.054971107916307,5.067330637772801,0.4698220159781613
ethereum,2019-01-03,5.051137237405586,5.011568192144856,-0.848804701051804
ethereum,2018-12-30,4.931808513550284,4.947766489317265,0.5092025223311053
ethereum,2018-12-27,4.889747443486393,4.7671189529741085,-1.2132520521963965
ethereum,2018-12-24,4.880070924075139,4.950460571060185,1.0253058652647713
ethereum,2018-12-21,4.76080547751954,4.705015520957808,-0.8656960599160707
ethereum,2018-12-18,4.565493368835193,4.6260506635674465,0.8450980400142568
ethereum,2018-12-15,4.445939960417534,4.447814375211885,0.0644579892269172
ethereum,2018-12-12,4.495466920896128,4.5173220954148965,0.47421626407625583
ethereum,2018-12-09,4.533029508210409,4.565805462465814,0.6127838567197349
ethereum,2018-12-06,4.639088404191552,4.530015512387331,-1.06781451116184
ethereum,2018-12-03,4.765416535130188,4.699843799590773,-0.9268567089496916
ethereum,2018-11-30,4.776852007677701,4.737688565688236,-0.7450747915820576
ethereum,2018-11-27,4.690521853087595,4.709620287344555,0.49136169383427386
ethereum,2018-11-24,4.822697998516666,4.740487482935721,-1.0338256939533104
ethereum,2018-11-21,4.8838619666017395,4.925077405734609,0.8169038393756605
ethereum,2018-11-18,5.165814016734943,5.182176731413223,0.5899496013257062
ethereum,2018-11-15,5.20893955539682,5.202962185731182,-0.3201462861110547
ethereum,2018-11-12,5.358989046080769,5.353846676340517,-0.3201462861110547
ethereum,2018-11-09,5.361245216250509,5.3521898320125265,-0.4653828514484207
ethereum,2018-11-06,5.349343125151081,5.391124416134243,0.9991305412873707
ethereum,2018-11-03,5.30697973962669,5.304249735201145,-0.19033169817029466
ethereum,2018-10-30,5.289276621895888,5.291091321456297,0.13353890837022186
ethereum,2018-10-27,5.319883144462597,5.324033845052673,0.26717172840301245
ethereum,2018-10-24,5.323643924494045,5.32227800399288,-0.10720996964786875
ethereum,2018-10-21,5.329767582821284,5.328555549608646,-0.09691001300805642
ethereum,2018-10-18,5.339459309879212,5.319834210010287,-0.7032913781186624
ethereum,2018-10-15,5.279491262297988,5.350435320810143,1.1883659260631476
ethereum,2018-10-12,5.245496590364454,5.286902463732738,0.9552065375419408
ethereum,2018-10-09,5.441161510577517,5.433634663495666,-0.4361626470407589
ethereum,2018-10-06,5.431755004777753,5.42106583180709,-0.5352941200427713
ethereum,2018-10-03,5.426754555723338,5.400377441739184,-0.840106094456757
ethereum,2018-09-30,5.4481587747871965,5.454679884171895,0.40140054078154097
ethereum,2018-09-27,5.377313372774535,5.43585945556652,1.147676324241099
ethereum,2018-09-24,5.504680917822229,5.436904706304079,-1.2332500095411008
ethereum,2018-09-21,5.421640582580036,5.511733762103664,1.3488887230714381
ethereum,2018-09-18,5.28872147287459,5.3517159432727315,1.142389466118836
ethereum,2018-09-15,5.350957253872216,5.411958503037085,1.1541195255158465
ethereum,2018-09-12,5.228002192633011,5.216727629508083,-0.4899584794248311
ethereum,2018-09-09,5.295212551594558,5.287862908644177,-0.39093510710338053
ethereum,2018-09-06,5.449535178290658,5.443369638247176,-0.3856062735983134
ethereum,2018-09-03,5.690967377609358,5.670777073042217,-0.8401060944567589
ethereum,2018-08-30,5.672463791398774,5.652875070715635,-0.8221680793680166
ethereum,2018-08-27,5.621668178279272,5.6580875153940715,1.0511525224473812
ethereum,2018-08-24,5.6316059693522265,5.648868598778746,0.7678976160180917
ethereum,2018-08-21,5.614331761266853,5.645234861030788,0.982723387668546
ethereum,2018-08-18,5.761390787276515,5.6930922034480105,-1.3420276880874722
ethereum,2018-08-15,5.6397416074461475,5.646718174034524,0.47275644931721633
ethereum,2018-08-12,5.773992383031004,5.770100661249359,-0.3521825181113625
ethereum,2018-08-09,5.880449184006697,5.90424405734671,0.9831750720378106
ethereum,2018-08-06,6.019979115006183,6.010433493655585,-0.6910814921229657
ethereum,2018-08-03,6.0248267867143825,6.038491252535736,0.8254261177678229
ethereum,2018-07-30,6.148104982063913,6.1270438413498045,-1.0314084642516241
ethereum,2018-07-27,6.142058910732463,6.154157211512974,0.8234742291703027
ethereum,2018-07-24,6.113991866387674,6.17455664029584,1.4658288153574366
ethereum,2018-07-21,6.112973964505179,6.138676926788369,1.1058506743851433
ethereum,2018-07-18,6.218281343788488,6.176926999454503,-1.3289908554494285
ethereum,2018-07-15,6.079658557843898,6.111134689945915,1.175221800343053
ethereum,2018-07-12,6.10367653771491,6.066270489909225,-1.2412973871099933
ethereum,2018-07-09,6.194160463153087,6.168941052238737,-1.1205739312058496
ethereum,2018-07-06,6.164072411714297,6.163335856444617,-0.13033376849501344
ethereum,2018-07-03,6.166236846496772,6.142467420644509,-1.0860037056183818
ethereum,2018-06-30,6.080413628867886,6.1228874684684005,1.300378064870703
ethereum,2018-06-27,6.0712918469675365,6.094382081114668,1.0461047872460387
ethereum,2018-06-24,6.164934544178619,6.128330997240632,-1.2576785748691837
ethereum,2018-06-21,6.286835732419073,6.269796795866074,-1.0034605321095083
ethereum,2018-06-18,6.215367809768433,6.253617250736518,1.311965660368366
ethereum,2018-06-15,6.256670922794578,6.198478716492308,-1.484014962667563
ethereum,2018-06-12,6.279852620282592,6.2102787402609625,-1.5666731376061171
ethereum,2018-06-09,6.4001079324712045,6.394526770599836,-0.6384892569546397
ethereum,2018-06-06,6.41552240057346,6.410372230912635,-0.6170003411208975
ethereum,2018-06-03,6.383945727657852,6.428638248559866,1.44824241263444
ethereum,2018-05-30,6.341822078148584,6.328989800540907,-0.9159272116971162
ethereum,2018-05-27,6.379308646458743,6.352054318101795,-1.2265999052073582
ethereum,2018-05-24,6.372534498381425,6.401519107549953,1.2605483726369802
ethereum,2018-05-21,6.5767341579969125,6.551394571380281,-1.2780673308886632
ethereum,2018-05-18,6.511893907016668,6.5444440780046955,1.3667963832867296
ethereum,2018-05-15,6.595971752504656,6.565081854679218,-1.3667963832867296
ethereum,2018-05-12,6.523386079168706,6.532407069777784,0.8555191556677977
ethereum,2018-05-09,6.625259733217656,6.624437004631857,-0.20951501454263216
ethereum,2018-05-06,6.70574924791166,6.6762140658001705,-1.3941013020400461
ethereum,2018-05-03,6.533192730063788,6.659985987841522,1.972896784436544
ethereum,2018-04-30,6.537792440716469,6.508649904826554,-1.3188977146274876
ethereum,2018-04-27,6.496940888942756,6.473936991576931,-1.2062860444124335
ethereum,2018-04-24,6.468319651302819,6.56408117103018,1.8179618045319939
ethereum,2018-04-21,6.424869023905388,6.407539834328162,-1.0644579892269195
ethereum,2018-04-18,6.223191158352666,6.264901893476659,1.3517963068970227
ethereum,2018-04-15,6.222338144484103,6.277958413922954,1.4745076391169765
ethereum,2018-04-12,6.066479250913428,6.202414052321486,1.8046845149069402
ethereum,2018-04-09,5.996103769256407,5.99028885625426,-0.5224442335063252
ethereum,2018-04-06,5.9499391802794115,5.916983428420674,-1.1283992687178064
ethereum,2018-04-03,5.961803989689555,6.035218239997905,1.4854374810763011
ethereum,2018-03-30,5.9581662617064675,5.98050470687164,0.988558956878616
ethereum,2018-03-27,6.1956087484124085,6.111733379498927,-1.6071332043915663
ethereum,2018-03-24,6.298158493116126,6.268035114805044,-1.2337573629655103
ethereum,2018-03-21,6.3281153392157865,6.332799939395183,0.559906625036112
ethereum,2018-03-18,6.3147067949583136,6.290902250570617,-1.146128035678238
ethereum,2018-03-15,6.422987189535436,6.417222358483909,-0.6570558528571113
ethereum,2018-03-12,6.586737012251439,6.552265346925114,-1.4079005401426339
ethereum,2018-03-09,6.555641346370967,6.592934939096023,1.4427932259397678
ethereum,2018-03-06,6.750890920457195,6.70680121004018,-1.5782953051208264
ethereum,2018-03-03,6.754266047016668,6.754860476876881,0.17897694729316682
ethereum,2018-02-27,6.7700552094853945,6.779092017754475,0.9498777040368732
ethereum,2018-02-24,6.759939491287746,6.735209780431019,-1.343802333161656
ethereum,2018-02-21,6.796980130622812,6.746376875308036,-1.6548500905613939
ethereum,2018-02-18,6.881770582010144,6.829707247285767,-1.702688968159134
ethereum,2018-02-15,6.829501803011803,6.843728626817288,1.153814864344529
ethereum,2018-02-12,6.70748561420754,6.768159822747392,1.7176705030022625
ethereum,2018-02-09,6.708669992760998,6.7854294404038455,1.822037248072585
ethereum,2018-02-06,6.563488745594982,6.677234583328878,1.9364131997114797
ethereum,2018-02-03,6.824601904865102,6.872148826512819,1.660960291776083
ethereum,2018-01-30,7.077607752193468,6.9774026029350145,-2.0569048513364727
ethereum,2018-01-27,6.962953439446899,7.0103750422069595,1.7186677353162103
ethereum,2018-01-24,6.896168409730217,6.965816618395407,1.8591382972945305
ethereum,2018-01-21,7.053309111583877,6.95709767159775,-2.0297894708318562
ethereum,2018-01-18,6.925044947519098,6.944357181426685,1.3188977146274852
ethereum,2018-01-15,7.219795761843498,7.164658505241334,-1.8709303583486954
ethereum,2018-01-12,7.055563027744216,7.150073809682388,2.0641209058296224
ethereum,2018-01-09,7.044905117129371,7.17068861226848,2.189602592521581
ethereum,2018-01-06,6.903897848654832,6.949549600639115,1.6769678142947593
ethereum,2018-01-03,6.787844982309579,6.870800795988371,1.890532791927745
ethereum,2017-12-30,6.6264793102286745,6.576831620491333,-1.5747255835940739
ethereum,2017-12-27,6.654113859642095,6.638358343150466,-1.1182647260894791
ethereum,2017-12-24,6.583091052599374,6.544127649615552,-1.4566696294237576
ethereum,2017-12-21,6.710815393164563,6.711813385093072,0.2600713879850596
ethereum,2017-12-18,6.583035708427793,6.679159390656193,1.86876195821205
ethereum,2017-12-15,6.547330455883672,6.5300755568819095,-1.1115985248803923
ethereum,2017-12-12,6.260135803698153,6.480703853748484,2.114410802397837
ethereum,2017-12-09,6.127611266781323,6.162261618049983,1.2345172835126872
ethereum,2017-12-06,6.1390221114655965,6.062831265456319,-1.5441921107650334
ethereum,2017-12-03,6.141392036090933,6.146008006929935,0.4983105537896052
ethereum,2017-11-30,6.068911581241491,6.105038737990311,1.2278867046136743
ethereum,2017-11-27,6.158101236981754,6.176615430912096,0.9925535178321374
ethereum,2017-11-24,6.024657514463746,6.165228760724117,1.8021577531869617
ethereum,2017-11-21,5.909277876120035,5.889985378158128,-0.9052560487484523
ethereum,2017-11-18,5.808082428116706,5.853953818847745,1.220892249219519
ethereum,2017-11-15,5.8258821063183035,5.812218256830955,-0.7481880270061978
ethereum,2017-11-12,5.754760719420831,5.73304997233677,-0.8909795969896874
ethereum,2017-11-09,5.735410332336513,5.774178805277932,1.1218879851036814
ethereum,2017-11-06,5.6951789031820335,5.703415740750875,0.5390760987927741
ethereum,2017-11-03,5.66815529701305,5.725902675740284,1.2603099457949196
ethereum,2017-10-30,5.722865889132468,5.732531887942187,0.5987905067631182
ethereum,2017-10-27,5.695447837866143,5.698501890212276,0.2810333672477332
ethereum,2017-10-24,5.663377060021162,5.701546643714624,1.0867156639448818
ethereum,2017-10-21,5.718900945787902,5.70774129484338,-0.6414741105040991
ethereum,2017-10-18,5.7618626857327255,5.753587996191707,-0.5587085705331662
ethereum,2017-10-15,5.830503227435358,5.821861762721802,-0.5943925503754212
ethereum,2017-10-12,5.718671087149952,5.720770687685056,0.21484384804769427
ethereum,2017-10-09,5.735507214350442,5.698401355703721,-1.0891983668051497
ethereum,2017-10-06,5.690866082722974,5.735248841452322,1.1595671932336202
ethereum,2017-10-03,5.698702928912902,5.681741343779321,-0.7795964912578275
ethereum,2017-09-30,5.678396288265786,5.7119490373225945,1.0406023401140716
ethereum,2017-09-27,5.663029922169237,5.7283775215115815,1.3106933123433617
ethereum,2017-09-24,5.660213655509408,5.647141573942055,-0.674861140737808
ethereum,2017-09-21,5.649889312310866,5.559064940259613,-1.4095950193968159
ethereum,2017-09-18,5.5342981666637385,5.685279003091641,1.626032247829019
ethereum,2017-09-15,5.376296407864626,5.5272839311650355,1.5591881890047756
ethereum,2017-09-12,5.689108672422408,5.678327905183733,-0.6201360549737591
ethereum,2017-09-09,5.694304365622091,5.68833037009728,-0.44247976906445463
ethereum,2017-09-06,5.751937516543248,5.8151449425096615,1.333245698961962
ethereum,2017-09-03,5.861441279525061,5.853580839744596,-0.5740312677277188
ethereum,2017-08-30,5.914772469797841,5.938801894524676,1.0004340774793183
ethereum,2017-08-27,5.8152045816926226,5.854756686274384,1.1622656142980208
ethereum,2017-08-24,5.763465476817375,5.788766798561198,0.9618954736678516
ethereum,2017-08-21,5.708703678975269,5.776382167070545,1.344588742578713
ethereum,2017-08-18,5.712742216027673,5.692350713693781,-0.851869600729767
ethereum,2017-08-15,5.70694413799378,5.67270451908534,-1.0464951643347082
ethereum,2017-08-12,5.735636375770106,5.741720313996593,0.4608978427565544
ethereum,2017-08-09,5.699205348913088,5.693833143802533,-0.41497334797082175
ethereum,2017-08-06,5.550708992221232,5.570517713149109,0.788875115775415
ethereum,2017-08-03,5.398976849647214,5.4220382935377955,0.7895807121644253
ethereum,2017-07-30,5.336287297799665,5.293204317161214,-0.9894498176666927
ethereum,2017-07-27,5.327196326098413,5.324569737692102,-0.18752072083646884
ethereum,2017-07-24,5.426226735170068,5.419250989443666,-0.4116197059632275
ethereum,2017-07-21,5.425214299736387,5.390440655423842,-0.9425041061680802
ethereum,2017-07-18,5.278267708742333,5.461243713040235,1.6059511575648728
ethereum,2017-07-15,5.301861080171402,5.145457519903701,-1.4779889762508893
ethereum,2017-07-12,5.289024319636444,5.445745500614469,1.5393270635393752
ethereum,2017-07-09,5.5326777730674115,5.493637409127648,-1.028571252692538
ethereum,2017-07-06,5.5979033060026415,5.604146284480854,0.4297522800024076
ethereum,2017-07-03,5.667844367850572,5.648622063478926,-0.8135809885681952
ethereum,2017-06-30,5.717521000766714,5.690089147524199,-0.9652017010259102
ethereum,2017-06-27,5.611996079025492,5.683885842941744,1.3304137733491903
ethereum,2017-06-24,5.836651147730626,5.7829016791088,-1.277150613963797
ethereum,2017-06-21,5.887602907573892,5.822661206114936,-1.374198257929083
ethereum,2017-06-18,5.941538738338256,5.92012964950336,-0.9571281976768132
ethereum,2017-06-15,5.884741993185915,5.894209978203751,0.6454222693490934
ethereum,2017-06-12,5.8352784639186535,5.997670251829486,1.787672964687493
ethereum,2017-06-09,5.571203009757061,5.644527747438887,1.3220124385824008
ethereum,2017-06-06,5.519859636495273,5.581501839947369,1.2271150825891262
ethereum,2017-06-03,5.41369751758811,5.417787866524203,0.2833012287035468
